Study_code;Sample_ID;SpC;Cl;SO4;NO3;NO2;F;TN;Sample_n;Sample_ID;NPOC;Sample_ID
WHONDRS_S19S;S19S_0001_ANI-1;122.3;1.33;10;0.32;Below_Range_Less_Than_0.04;0.06;NA;S19S1;NA;NA;S19S_0001_ANI-1
WHONDRS_S19S;S19S_0001_ANI-2;NA;1.34;9.71;0.27;Below_Range_Less_Than_0.04;0.04;NA;S19S1;NA;NA;S19S_0001_ANI-2
WHONDRS_S19S;S19S_0001_ANI-3;NA;1.33;10.4;0.34;Below_Range_Less_Than_0.04;0.05;NA;S19S1;NA;NA;S19S_0001_ANI-3
WHONDRS_S19S;S19S_0003_ANI-1;87.5;0.3;9.8;0.19;Below_Range_Less_Than_0.04;0.07;1.19;S19S3;S19S_0003_ICR-1;1.27;S19S_0003_ANI-1
WHONDRS_S19S;S19S_0003_ANI-2;NA;0.31;8.03;0.23;Below_Range_Less_Than_0.04;0.07;0.58;S19S3;S19S_0003_ICR-2;1.8;S19S_0003_ANI-2
WHONDRS_S19S;S19S_0003_ANI-3;NA;0.31;8.62;0.23;Below_Range_Less_Than_0.04;0.06;0.65;S19S3;S19S_0003_ICR-3;1.15;S19S_0003_ANI-3
WHONDRS_S19S;S19S_0004_ANI-1;101.2;1.83;6.53;Below_Range_Less_Than_0.12;Below_Range_Less_Than_0.04;0.07;0.8;S19S4;S19S_0004_ICR-1;1.96;S19S_0004_ANI-1
WHONDRS_S19S;S19S_0004_ANI-2;NA;2;6.66;Below_Range_Less_Than_0.12;Below_Range_Less_Than_0.04;0.08;0.74;S19S4;S19S_0004_ICR-2;1.93;S19S_0004_ANI-2
WHONDRS_S19S;S19S_0004_ANI-3;NA;NA;NA;NA;NA;NA;NA;S19S4;S19S_0004_ICR-3;1.79;S19S_0004_ANI-3
WHONDRS_S19S;S19S_0005_ANI-1;967;31.94;NA;Below_Range_Less_Than_0.12;Below_Range_Less_Than_0.04;0.13;0.7;S19S5;S19S_0005_ICR-1;8.37;S19S_0005_ANI-1
WHONDRS_S19S;S19S_0005_ANI-2;NA;33.9;NA;0.96;Below_Range_Less_Than_0.04;0.16;1.44;S19S5;S19S_0005_ICR-2;8.11;S19S_0005_ANI-2
WHONDRS_S19S;S19S_0005_ANI-3;NA;34.06;NA;0.38;Below_Range_Less_Than_0.04;0.16;1.12;S19S5;S19S_0005_ICR-3;8.75;S19S_0005_ANI-3
WHONDRS_S19S;S19S_0006_ANI-1;NA;311.31;33.45;6.43;Below_Range_Less_Than_0.04;Below_Range_Less_Than_0.02;1.55;S19S6;S19S_0006_ICR-1;1.43;S19S_0006_ANI-1
WHONDRS_S19S;S19S_0006_ANI-2;NA;286.25;30.48;6.1;Below_Range_Less_Than_0.04;0.12;1.68;S19S6;S19S_0006_ICR-2;1.62;S19S_0006_ANI-2
WHONDRS_S19S;S19S_0006_ANI-3;NA;284.53;29.97;6.14;Below_Range_Less_Than_0.04;0.09;1.57;S19S6;S19S_0006_ICR-3;1.52;S19S_0006_ANI-3
WHONDRS_S19S;S19S_0007_ANI-1;56.4;0.39;0.19;Below_Range_Less_Than_0.12;Below_Range_Less_Than_0.04;0.04;0.4;S19S7;S19S_0007_ICR-1;0.93;S19S_0007_ANI-1
WHONDRS_S19S;S19S_0007_ANI-2;NA;0.41;0.24;0.41;Below_Range_Less_Than_0.04;0.03;0.68;S19S7;S19S_0007_ICR-2;1.05;S19S_0007_ANI-2
WHONDRS_S19S;S19S_0007_ANI-3;NA;0.38;0.18;Below_Range_Less_Than_0.12;Below_Range_Less_Than_0.04;0.04;0.36;S19S7;S19S_0007_ICR-3;1.06;S19S_0007_ANI-3
WHONDRS_S19S;S19S_0008_ANI-1;28.1;0.22;0.23;Below_Range_Less_Than_0.12;Below_Range_Less_Than_0.04;0.03;0.15;S19S8;S19S_0008_ICR-1;1.87;S19S_0008_ANI-1
WHONDRS_S19S;S19S_0008_ANI-2;NA;0.21;0.24;Below_Range_Less_Than_0.12;Below_Range_Less_Than_0.04;Below_Range_Less_Than_0.02;0.41;S19S8;S19S_0008_ICR-2;1.78;S19S_0008_ANI-2
WHONDRS_S19S;S19S_0008_ANI-3;NA;0.21;0.22;Below_Range_Less_Than_0.12;Below_Range_Less_Than_0.04;0.03;0.39;S19S8;S19S_0008_ICR-3;1.96;S19S_0008_ANI-3
WHONDRS_S19S;S19S_0009_ANI-1;580;6.96;160.13;Below_Range_Less_Than_0.12;Below_Range_Less_Than_0.04;0.21;0.53;S19S9;S19S_0009_ICR-1;2.25;S19S_0009_ANI-1
WHONDRS_S19S;S19S_0009_ANI-2;NA;6.73;157.71;Below_Range_Less_Than_0.12;Below_Range_Less_Than_0.04;0.23;0.29;S19S9;S19S_0009_ICR-2;3.16;S19S_0009_ANI-2
WHONDRS_S19S;S19S_0009_ANI-3;NA;6.76;158.01;Below_Range_Less_Than_0.12;Below_Range_Less_Than_0.04;0.22;0.52;S19S9;NA;NA;S19S_0009_ANI-3
WHONDRS_S19S;S19S_0010_ANI-1;125.7;7.44;13.55;0.85;Below_Range_Less_Than_0.04;0.11;0.41;S19S10;S19S_0010_ICR-1;2.52;S19S_0010_ANI-1
WHONDRS_S19S;S19S_0010_ANI-2;NA;7.24;13.32;0.81;Below_Range_Less_Than_0.04;0.11;0.83;S19S10;S19S_0010_ICR-2;2.26;S19S_0010_ANI-2
WHONDRS_S19S;S19S_0010_ANI-3;NA;7.31;13.39;0.84;Below_Range_Less_Than_0.04;0.1;0.74;S19S10;S19S_0010_ICR-3;2.04;S19S_0010_ANI-3
WHONDRS_S19S;S19S_0011_ANI-1;51.4;3.07;3.03;2.99;Below_Range_Less_Than_0.04;0.07;1.29;S19S11;S19S_0011_ICR-1;3.83;S19S_0011_ANI-1
WHONDRS_S19S;S19S_0011_ANI-2;NA;3.09;3.01;2.97;Below_Range_Less_Than_0.04;0.07;1.25;S19S11;S19S_0011_ICR-2;2.64;S19S_0011_ANI-2
WHONDRS_S19S;S19S_0011_ANI-3;NA;3.13;3.31;2.96;Below_Range_Less_Than_0.04;0.09;0.85;S19S11;S19S_0011_ICR-3;4.03;S19S_0011_ANI-3
WHONDRS_S19S;S19S_0012_ANI-1;107.3;20.29;4.07;0.31;Below_Range_Less_Than_0.04;0.06;0.48;S19S12;S19S_0012_ICR-1;1.41;S19S_0012_ANI-1
WHONDRS_S19S;S19S_0012_ANI-2;NA;20.49;4;0.39;Below_Range_Less_Than_0.04;0.06;0.31;S19S12;S19S_0012_ICR-2;2.02;S19S_0012_ANI-2
WHONDRS_S19S;S19S_0012_ANI-3;NA;20.64;4.01;0.37;Below_Range_Less_Than_0.04;0.06;0.29;S19S12;S19S_0012_ICR-3;2.07;S19S_0012_ANI-3
WHONDRS_S19S;S19S_0013_ANI-1;134.4;2.85;3.17;0.97;Below_Range_Less_Than_0.04;0.06;0.37;S19S13;S19S_0013_ICR-1;1.64;S19S_0013_ANI-1
WHONDRS_S19S;S19S_0013_ANI-2;NA;2.79;3.1;0.8;Below_Range_Less_Than_0.04;0.05;0.37;S19S13;S19S_0013_ICR-2;2.21;S19S_0013_ANI-2
WHONDRS_S19S;S19S_0013_ANI-3;NA;2.82;3.12;0.89;0.05;0.06;0.6;S19S13;S19S_0013_ICR-3;1.84;S19S_0013_ANI-3
WHONDRS_S19S;S19S_0014_ANI-1;572;19.97;18.52;12.19;Below_Range_Less_Than_0.04;0.21;3;S19S14;S19S_0014_ICR-1;0.61;S19S_0014_ANI-1
WHONDRS_S19S;S19S_0014_ANI-2;NA;19.01;17.47;12;Below_Range_Less_Than_0.04;0.22;2.78;S19S14;S19S_0014_ICR-2;0.83;S19S_0014_ANI-2
WHONDRS_S19S;S19S_0014_ANI-3;NA;19.19;17.59;11.93;Below_Range_Less_Than_0.04;0.22;2.94;S19S14;S19S_0014_ICR-3;0.78;S19S_0014_ANI-3
WHONDRS_S19S;S19S_0015_ANI-1;170.4;6.12;4.23;4.28;Below_Range_Less_Than_0.04;0.07;1.27;S19S15;S19S_0015_ICR-1;1.87;S19S_0015_ANI-1
WHONDRS_S19S;S19S_0015_ANI-2;NA;6.06;4.18;4.08;Below_Range_Less_Than_0.04;0.07;1.12;S19S15;S19S_0015_ICR-2;2.7;S19S_0015_ANI-2
WHONDRS_S19S;S19S_0015_ANI-3;NA;5.99;4.12;3.97;Below_Range_Less_Than_0.04;0.06;1.27;S19S15;S19S_0015_ICR-3;2.03;S19S_0015_ANI-3
WHONDRS_S19S;S19S_0016_ANI-1;597;1.9;36.2;Below_Range_Less_Than_0.12;Below_Range_Less_Than_0.04;0.36;0.41;S19S16;S19S_0016_ICR-1;1.03;S19S_0016_ANI-1
WHONDRS_S19S;S19S_0016_ANI-2;NA;1.77;34.49;Below_Range_Less_Than_0.12;Below_Range_Less_Than_0.04;0.32;0.4;S19S16;S19S_0016_ICR-2;0.98;S19S_0016_ANI-2
WHONDRS_S19S;S19S_0016_ANI-3;NA;1.71;33.63;Below_Range_Less_Than_0.12;Below_Range_Less_Than_0.04;0.34;0.39;S19S16;S19S_0016_ICR-3;0.85;S19S_0016_ANI-3
WHONDRS_S19S;S19S_0017_ANI-1;371;2.52;8.08;1.2;Below_Range_Less_Than_0.04;0.16;0.85;S19S17;S19S_0017_ICR-1;2.23;S19S_0017_ANI-1
WHONDRS_S19S;S19S_0017_ANI-2;NA;2.45;8.04;1.28;Below_Range_Less_Than_0.04;0.14;0.56;S19S17;S19S_0017_ICR-2;3.53;S19S_0017_ANI-2
WHONDRS_S19S;S19S_0017_ANI-3;NA;2.43;8.25;1.27;Below_Range_Less_Than_0.04;0.19;0.85;S19S17;S19S_0017_ICR-3;2.6;S19S_0017_ANI-3
WHONDRS_S19S;S19S_0018_ANI-1;17.98;5.11;4.59;4.62;Below_Range_Less_Than_0.04;0.1;5.79;S19S18;S19S_0018_ICR-1;0.73;S19S_0018_ANI-1
WHONDRS_S19S;S19S_0018_ANI-2;NA;0.81;2.05;1.18;Below_Range_Less_Than_0.04;0.04;0.73;S19S18;S19S_0018_ICR-2;0.48;S19S_0018_ANI-2
WHONDRS_S19S;S19S_0018_ANI-3;NA;0.39;1.52;0.71;Below_Range_Less_Than_0.04;0.06;0.28;S19S18;S19S_0018_ICR-3;0.86;S19S_0018_ANI-3
WHONDRS_S19S;S19S_0019_ANI-1;249;0.81;1.56;0.23;Below_Range_Less_Than_0.04;0.05;0.19;S19S19;S19S_0019_ICR-1;NA;S19S_0019_ANI-1
WHONDRS_S19S;S19S_0019_ANI-2;NA;0.93;1.77;0.21;Below_Range_Less_Than_0.04;0.05;0.36;S19S19;S19S_0019_ICR-2;0.46;S19S_0019_ANI-2
WHONDRS_S19S;S19S_0019_ANI-3;NA;0.89;1.72;0.24;Below_Range_Less_Than_0.04;0.05;0.2;S19S19;S19S_0019_ICR-3;NA;S19S_0019_ANI-3
WHONDRS_S19S;S19S_0020_ANI-1;217;11.81;36.24;0.38;Below_Range_Less_Than_0.04;0.09;0.39;S19S20;S19S_0020_ICR-1;4.01;S19S_0020_ANI-1
WHONDRS_S19S;S19S_0020_ANI-2;NA;11.77;36.68;0.28;Below_Range_Less_Than_0.04;0.09;0.37;S19S20;S19S_0020_ICR-2;3.09;S19S_0020_ANI-2
WHONDRS_S19S;S19S_0020_ANI-3;NA;11.76;36.38;0.34;Below_Range_Less_Than_0.04;0.09;0.35;S19S20;S19S_0020_ICR-3;4.33;S19S_0020_ANI-3
WHONDRS_S19S;S19S_0021_ANI-1;294;13.06;64.12;Below_Range_Less_Than_0.12;Below_Range_Less_Than_0.04;0.11;0.53;S19S21;S19S_0021_ICR-1;1.36;S19S_0021_ANI-1
WHONDRS_S19S;S19S_0021_ANI-2;NA;13.64;63.66;Below_Range_Less_Than_0.12;Below_Range_Less_Than_0.04;0.12;0.51;S19S21;S19S_0021_ICR-2;1.49;S19S_0021_ANI-2
WHONDRS_S19S;S19S_0021_ANI-3;NA;13.04;64.18;Below_Range_Less_Than_0.12;Below_Range_Less_Than_0.04;0.1;0.31;S19S21;S19S_0021_ICR-3;1.84;S19S_0021_ANI-3
WHONDRS_S19S;S19S_0022_ANI-1;11.67;1.49;0.54;Below_Range_Less_Than_0.12;Below_Range_Less_Than_0.04;0.07;0.21;S19S22;S19S_0022_ICR-1;1.95;S19S_0022_ANI-1
WHONDRS_S19S;S19S_0022_ANI-2;NA;1.45;0.69;0.17;Below_Range_Less_Than_0.04;0.07;0.43;S19S22;S19S_0022_ICR-2;2.39;S19S_0022_ANI-2
WHONDRS_S19S;S19S_0022_ANI-3;NA;1.46;0.68;Below_Range_Less_Than_0.12;Below_Range_Less_Than_0.04;0.05;0.22;S19S22;S19S_0022_ICR-3;1.62;S19S_0022_ANI-3
WHONDRS_S19S;S19S_0023_ANI-1;543;4.86;1.55;0.19;Below_Range_Less_Than_0.04;1.31;0.44;S19S23;S19S_0023_ICR-1;3.6;S19S_0023_ANI-1
WHONDRS_S19S;S19S_0023_ANI-2;NA;4.62;1.52;Below_Range_Less_Than_0.12;Below_Range_Less_Than_0.04;1.23;0.76;S19S23;S19S_0023_ICR-2;4.76;S19S_0023_ANI-2
WHONDRS_S19S;S19S_0023_ANI-3;NA;4.7;1.55;Below_Range_Less_Than_0.12;Below_Range_Less_Than_0.04;1.24;0.42;S19S23;S19S_0023_ICR-3;4.97;S19S_0023_ANI-3
WHONDRS_S19S;S19S_0024_ANI-1;534;2.79;5.13;1.71;Below_Range_Less_Than_0.04;0.08;0.74;S19S24;S19S_0024_ICR-1;0.66;S19S_0024_ANI-1
WHONDRS_S19S;S19S_0024_ANI-2;NA;2.72;4.99;1.69;Below_Range_Less_Than_0.04;0.07;0.52;S19S24;S19S_0024_ICR-2;0.65;S19S_0024_ANI-2
WHONDRS_S19S;S19S_0024_ANI-3;NA;2.63;4.88;1.69;Below_Range_Less_Than_0.04;0.07;0.72;S19S24;S19S_0024_ICR-3;0.61;S19S_0024_ANI-3
WHONDRS_S19S;S19S_0025_ANI-1;726;100.78;27.12;Below_Range_Less_Than_0.12;Below_Range_Less_Than_0.04;0.19;0.27;S19S25;S19S_0025_ICR-1;1.94;S19S_0025_ANI-1
WHONDRS_S19S;S19S_0025_ANI-2;NA;105.86;28.6;Below_Range_Less_Than_0.12;Below_Range_Less_Than_0.04;0.23;0.48;S19S25;S19S_0025_ICR-2;2.23;S19S_0025_ANI-2
WHONDRS_S19S;S19S_0025_ANI-3;NA;99.36;26.51;Below_Range_Less_Than_0.12;Below_Range_Less_Than_0.04;0.2;0.48;S19S25;S19S_0025_ICR-3;1.34;S19S_0025_ANI-3
WHONDRS_S19S;S19S_0026_ANI-1;21.4;NA;1.22;Below_Range_Less_Than_0.12;Below_Range_Less_Than_0.04;0.04;0.22;S19S26;S19S_0026_ICR-1;3.75;S19S_0026_ANI-1
WHONDRS_S19S;S19S_0026_ANI-2;NA;NA;0.55;Below_Range_Less_Than_0.12;Below_Range_Less_Than_0.04;0.03;0.45;S19S26;S19S_0026_ICR-2;3.32;S19S_0026_ANI-2
WHONDRS_S19S;S19S_0026_ANI-3;NA;NA;1.2;Below_Range_Less_Than_0.12;Below_Range_Less_Than_0.04;0.04;0.18;S19S26;S19S_0026_ICR-3;3.44;S19S_0026_ANI-3
WHONDRS_S19S;S19S_0027_ANI-1;91.4;0.2;1.99;Below_Range_Less_Than_0.12;Below_Range_Less_Than_0.04;0.04;0.37;S19S27;S19S_0027_ICR-1;1.16;S19S_0027_ANI-1
WHONDRS_S19S;S19S_0027_ANI-2;NA;NA;1.93;Below_Range_Less_Than_0.12;Below_Range_Less_Than_0.04;0.05;0.34;S19S27;S19S_0027_ICR-2;1.39;S19S_0027_ANI-2
WHONDRS_S19S;S19S_0027_ANI-3;NA;NA;1.99;Below_Range_Less_Than_0.12;Below_Range_Less_Than_0.04;0.04;0.18;S19S27;S19S_0027_ICR-3;1.2;S19S_0027_ANI-3
WHONDRS_S19S;S19S_0028_ANI-1;490;10.98;14.1;Below_Range_Less_Than_0.12;Below_Range_Less_Than_0.04;0.57;0.78;S19S28;S19S_0028_ICR-1;1.31;S19S_0028_ANI-1
WHONDRS_S19S;S19S_0028_ANI-2;NA;10.87;13.85;Below_Range_Less_Than_0.12;Below_Range_Less_Than_0.04;0.6;0.24;S19S28;S19S_0028_ICR-2;1.96;S19S_0028_ANI-2
WHONDRS_S19S;S19S_0028_ANI-3;NA;10.79;13.64;Below_Range_Less_Than_0.12;Below_Range_Less_Than_0.04;0.57;0.24;S19S28;S19S_0028_ICR-3;1.94;S19S_0028_ANI-3
WHONDRS_S19S;S19S_0029_ANI-1;570;10.54;77.74;0.23;Below_Range_Less_Than_0.04;0.1;0.41;S19S29;S19S_0029_ICR-1;0.49;S19S_0029_ANI-1
WHONDRS_S19S;S19S_0029_ANI-2;NA;10.25;75.5;0.24;Below_Range_Less_Than_0.04;0.12;0.41;S19S29;S19S_0029_ICR-2;0.73;S19S_0029_ANI-2
WHONDRS_S19S;S19S_0029_ANI-3;NA;10.08;74.24;Below_Range_Less_Than_0.12;Below_Range_Less_Than_0.04;0.11;0.38;S19S29;S19S_0029_ICR-3;0.81;S19S_0029_ANI-3
WHONDRS_S19S;S19S_0030_ANI-1;38.3;0.67;0.3;0.24;Below_Range_Less_Than_0.04;0.03;Injections_Too_Variable;S19S30;S19S_0030_ICR-1;NA;S19S_0030_ANI-1
WHONDRS_S19S;S19S_0030_ANI-2;NA;0.68;0.43;1.81;Below_Range_Less_Than_0.04;0.03;0.53;S19S30;S19S_0030_ICR-2;0.63;S19S_0030_ANI-2
WHONDRS_S19S;S19S_0030_ANI-3;NA;0.79;0.35;6.61;Below_Range_Less_Than_0.04;0.03;1.46;S19S30;S19S_0030_ICR-3;0.53;S19S_0030_ANI-3
WHONDRS_S19S;S19S_0031_ANI-1;28.1;0.55;0.26;Below_Range_Less_Than_0.12;Below_Range_Less_Than_0.04;Below_Range_Less_Than_0.02;0.37;S19S31;S19S_0031_ICR-1;0.5;S19S_0031_ANI-1
WHONDRS_S19S;S19S_0031_ANI-2;NA;0.53;0.25;Below_Range_Less_Than_0.12;Below_Range_Less_Than_0.04;Below_Range_Less_Than_0.02;0.35;S19S31;S19S_0031_ICR-2;NA;S19S_0031_ANI-2
WHONDRS_S19S;S19S_0031_ANI-3;NA;1.26;2.6;Below_Range_Less_Than_0.12;0.05;0.03;1.88;S19S31;S19S_0031_ICR-3;0.91;S19S_0031_ANI-3
WHONDRS_S19S;S19S_0032_ANI-1;39.4;0.47;2.18;0.18;Below_Range_Less_Than_0.04;0.03;1.5;S19S32;S19S_0032_ICR-1;1.75;S19S_0032_ANI-1
WHONDRS_S19S;S19S_0032_ANI-2;NA;1.99;1.52;Below_Range_Less_Than_0.12;Below_Range_Less_Than_0.04;0.09;0.78;S19S32;S19S_0032_ICR-2;1.93;S19S_0032_ANI-2
WHONDRS_S19S;S19S_0032_ANI-3;NA;0.22;0.16;Below_Range_Less_Than_0.12;Below_Range_Less_Than_0.04;Below_Range_Less_Than_0.02;0.21;S19S32;S19S_0032_ICR-3;2.4;S19S_0032_ANI-3
WHONDRS_S19S;S19S_0033_ANI-1;173.8;22.62;9.7;Below_Range_Less_Than_0.12;Below_Range_Less_Than_0.04;0.41;0.36;S19S33;S19S_0033_ICR-1;1.13;S19S_0033_ANI-1
WHONDRS_S19S;S19S_0033_ANI-2;NA;22.6;9.56;Below_Range_Less_Than_0.12;Below_Range_Less_Than_0.04;0.41;0.36;S19S33;S19S_0033_ICR-2;1.18;S19S_0033_ANI-2
WHONDRS_S19S;S19S_0033_ANI-3;NA;22.51;9.12;Below_Range_Less_Than_0.12;Below_Range_Less_Than_0.04;0.38;0.18;S19S33;S19S_0033_ICR-3;1.21;S19S_0033_ANI-3
WHONDRS_S19S;S19S_0034_ANI-1;55.9;0.5;3.5;1.17;Below_Range_Less_Than_0.04;0.05;0.41;S19S34;S19S_0034_ICR-1;1.34;S19S_0034_ANI-1
WHONDRS_S19S;S19S_0034_ANI-2;NA;0.45;3.62;1.12;Below_Range_Less_Than_0.04;0.05;0.68;S19S34;S19S_0034_ICR-2;1.42;S19S_0034_ANI-2
WHONDRS_S19S;S19S_0034_ANI-3;NA;0.24;1.48;1.18;Below_Range_Less_Than_0.04;0.04;0.45;S19S34;S19S_0034_ICR-3;0.92;S19S_0034_ANI-3
WHONDRS_S19S;S19S_0035_ANI-1;77;1.93;3.65;Below_Range_Less_Than_0.12;Below_Range_Less_Than_0.04;0.27;0.63;S19S35;S19S_0035_ICR-1;9.62;S19S_0035_ANI-1
WHONDRS_S19S;S19S_0035_ANI-2;NA;1.88;3.53;Below_Range_Less_Than_0.12;Below_Range_Less_Than_0.04;0.26;0.35;S19S35;S19S_0035_ICR-2;9.1;S19S_0035_ANI-2
WHONDRS_S19S;S19S_0035_ANI-3;NA;NA;NA;NA;NA;NA;NA;S19S35;S19S_0035_ICR-3;10.58;S19S_0035_ANI-3
WHONDRS_S19S;S19S_0036_ANI-1;156.7;2.23;12.11;0.89;Below_Range_Less_Than_0.04;0.11;0.38;S19S36;S19S_0036_ICR-1;1.34;S19S_0036_ANI-1
WHONDRS_S19S;S19S_0036_ANI-2;NA;1.95;11.52;1.05;Below_Range_Less_Than_0.04;0.09;0.62;S19S36;S19S_0036_ICR-2;0.94;S19S_0036_ANI-2
WHONDRS_S19S;S19S_0036_ANI-3;NA;2.09;11.77;0.99;Below_Range_Less_Than_0.04;0.1;0.56;S19S36;S19S_0036_ICR-3;1.1;S19S_0036_ANI-3
WHONDRS_S19S;S19S_0037_ANI-1;239;13.43;18;18.17;Below_Range_Less_Than_0.04;0.05;4.26;S19S37;S19S_0037_ICR-1;0.87;S19S_0037_ANI-1
WHONDRS_S19S;S19S_0037_ANI-2;NA;14.04;18.7;18.11;Below_Range_Less_Than_0.04;0.05;4.58;S19S37;S19S_0037_ICR-2;0.98;S19S_0037_ANI-2
WHONDRS_S19S;S19S_0037_ANI-3;NA;13.38;18.14;18.18;Below_Range_Less_Than_0.04;0.05;3.91;S19S37;NA;NA;S19S_0037_ANI-3
WHONDRS_S19S;S19S_0038_ANI-1;237;12.44;17.88;18.18;Below_Range_Less_Than_0.04;0.04;4.23;S19S38;S19S_0038_ICR-1;0.96;S19S_0038_ANI-1
WHONDRS_S19S;S19S_0038_ANI-2;NA;12.52;17.95;18.55;Below_Range_Less_Than_0.04;0.05;4.18;S19S38;S19S_0038_ICR-2;0.8;S19S_0038_ANI-2
WHONDRS_S19S;S19S_0038_ANI-3;NA;12.44;17.85;18.5;Below_Range_Less_Than_0.04;0.06;4.18;S19S38;S19S_0038_ICR-3;0.69;S19S_0038_ANI-3
WHONDRS_S19S;S19S_0039_ANI-1;220;9.67;13.28;7.82;0.11;0.16;2.22;S19S39;S19S_0039_ICR-1;3.18;S19S_0039_ANI-1
WHONDRS_S19S;S19S_0039_ANI-2;NA;9.73;13.48;7.87;0.1;0.18;2.09;S19S39;S19S_0039_ICR-2;2.58;S19S_0039_ANI-2
WHONDRS_S19S;S19S_0039_ANI-3;NA;9.59;13.46;7.95;0.1;0.19;2.19;S19S39;S19S_0039_ICR-3;3.33;S19S_0039_ANI-3
WHONDRS_S19S;S19S_0040_ANI-1;486;1.72;31.91;Below_Range_Less_Than_0.12;Below_Range_Less_Than_0.04;0.37;0.2;S19S40;S19S_0040_ICR-1;1.34;S19S_0040_ANI-1
WHONDRS_S19S;S19S_0040_ANI-2;NA;1.58;31.14;Below_Range_Less_Than_0.12;Below_Range_Less_Than_0.04;0.34;0.45;S19S40;S19S_0040_ICR-2;0.67;S19S_0040_ANI-2
WHONDRS_S19S;S19S_0040_ANI-3;NA;1.74;31.19;Below_Range_Less_Than_0.12;Below_Range_Less_Than_0.04;0.32;0.21;S19S40;S19S_0040_ICR-3;0.81;S19S_0040_ANI-3
WHONDRS_S19S;S19S_0041_ANI-1;287.5;2.72;4.66;Below_Range_Less_Than_0.12;Below_Range_Less_Than_0.04;0.11;0.63;S19S41;S19S_0041_ICR-1;3.2;S19S_0041_ANI-1
WHONDRS_S19S;S19S_0041_ANI-2;NA;2.83;4.85;Below_Range_Less_Than_0.12;Below_Range_Less_Than_0.04;0.1;0.66;S19S41;S19S_0041_ICR-2;2.85;S19S_0041_ANI-2
WHONDRS_S19S;S19S_0041_ANI-3;NA;2.8;4.76;Below_Range_Less_Than_0.12;Below_Range_Less_Than_0.04;0.1;0.37;S19S41;S19S_0041_ICR-3;5.42;S19S_0041_ANI-3
WHONDRS_S19S;S19S_0042_ANI-1;NA;NA;NA;0.54;Below_Range_Less_Than_0.04;Below_Range_Less_Than_0.02;1.21;S19S42;S19S_0042_ICR-1;15.06;S19S_0042_ANI-1
WHONDRS_S19S;S19S_0042_ANI-2;NA;NA;NA;Below_Range_Less_Than_0.12;Below_Range_Less_Than_0.04;Below_Range_Less_Than_0.02;0.77;S19S42;S19S_0042_ICR-2;12.17;S19S_0042_ANI-2
WHONDRS_S19S;S19S_0042_ANI-3;NA;NA;NA;Below_Range_Less_Than_0.12;Below_Range_Less_Than_0.04;Below_Range_Less_Than_0.02;2.03;S19S42;S19S_0042_ICR-3;12.99;S19S_0042_ANI-3
WHONDRS_S19S;S19S_0043_ANI-1;786;35.22;22.81;50.69;Below_Range_Less_Than_0.04;0.1;Above_Range_Greater_Than_11;S19S43;S19S_0043_ICR-1;1.76;S19S_0043_ANI-1
WHONDRS_S19S;S19S_0043_ANI-2;NA;37.82;25.12;46.8;Below_Range_Less_Than_0.04;0.1;11.63;S19S43;S19S_0043_ICR-2;1.84;S19S_0043_ANI-2
WHONDRS_S19S;S19S_0043_ANI-3;NA;36.76;23.48;50.78;Below_Range_Less_Than_0.04;0.1;11.66;S19S43;S19S_0043_ICR-3;1.57;S19S_0043_ANI-3
WHONDRS_S19S;S19S_0044_ANI-1;94;7.5;4.68;0.4;Below_Range_Less_Than_0.04;0.05;0.55;S19S44;S19S_0044_ICR-1;13.43;S19S_0044_ANI-1
WHONDRS_S19S;S19S_0044_ANI-2;NA;7.54;4.45;0.21;Below_Range_Less_Than_0.04;0.05;0.85;S19S44;S19S_0044_ICR-2;12.83;S19S_0044_ANI-2
WHONDRS_S19S;S19S_0044_ANI-3;NA;7.64;4.64;1.31;Below_Range_Less_Than_0.04;0.06;1.27;S19S44;S19S_0044_ICR-3;13.02;S19S_0044_ANI-3
WHONDRS_S19S;S19S_0045_ANI-1;998;96.69;121.39;32.71;0.29;0.12;8.36;S19S45;S19S_0045_ICR-1;8.39;S19S_0045_ANI-1
WHONDRS_S19S;S19S_0045_ANI-2;NA;105.05;132.65;32.99;0.29;0.16;9.05;S19S45;S19S_0045_ICR-2;6.37;S19S_0045_ANI-2
WHONDRS_S19S;S19S_0045_ANI-3;NA;95.96;120.28;32.79;0.27;0.13;9.35;S19S45;S19S_0045_ICR-3;7.48;S19S_0045_ANI-3
WHONDRS_S19S;S19S_0046_ANI-1;2.82;NA;0.31;Below_Range_Less_Than_0.12;Below_Range_Less_Than_0.04;Below_Range_Less_Than_0.02;0.59;S19S46;S19S_0046_ICR-1;NA;S19S_0046_ANI-1
WHONDRS_S19S;S19S_0046_ANI-2;NA;NA;0.34;Below_Range_Less_Than_0.12;Below_Range_Less_Than_0.04;Below_Range_Less_Than_0.02;0.43;S19S46;S19S_0046_ICR-2;NA;S19S_0046_ANI-2
WHONDRS_S19S;S19S_0046_ANI-3;NA;NA;0.48;Below_Range_Less_Than_0.12;Below_Range_Less_Than_0.04;0.03;0.75;S19S46;S19S_0046_ICR-3;NA;S19S_0046_ANI-3
WHONDRS_S19S;S19S_0047_ANI-1;109.2;NA;33.61;Below_Range_Less_Than_0.12;Below_Range_Less_Than_0.04;0.05;0.49;S19S47;S19S_0047_ICR-1;4.07;S19S_0047_ANI-1
WHONDRS_S19S;S19S_0047_ANI-2;NA;NA;18.9;Below_Range_Less_Than_0.12;Below_Range_Less_Than_0.04;0.04;0.43;S19S47;S19S_0047_ICR-2;3.75;S19S_0047_ANI-2
WHONDRS_S19S;S19S_0047_ANI-3;NA;NA;33.22;0.15;Below_Range_Less_Than_0.04;0.04;0.24;S19S47;S19S_0047_ICR-3;4.56;S19S_0047_ANI-3
WHONDRS_S19S;S19S_0048_ANI-1;273;7.74;3.49;1.29;Below_Range_Less_Than_0.04;Below_Range_Less_Than_0.02;0.63;S19S48;S19S_0048_ICR-1;0.68;S19S_0048_ANI-1
WHONDRS_S19S;S19S_0048_ANI-2;NA;7.78;3.73;1.31;Below_Range_Less_Than_0.04;Below_Range_Less_Than_0.02;0.64;S19S48;S19S_0048_ICR-2;NA;S19S_0048_ANI-2
WHONDRS_S19S;S19S_0048_ANI-3;NA;7.71;3.49;1.28;Below_Range_Less_Than_0.04;0.03;0.41;S19S48;S19S_0048_ICR-3;0.48;S19S_0048_ANI-3
WHONDRS_S19S;S19S_0049_ANI-1;204;6.64;4.86;0.66;Below_Range_Less_Than_0.04;0.06;0.5;S19S49;S19S_0049_ICR-1;0.66;S19S_0049_ANI-1
WHONDRS_S19S;S19S_0049_ANI-2;NA;6.53;4.75;0.63;Below_Range_Less_Than_0.04;0.06;0.51;S19S49;S19S_0049_ICR-2;0.75;S19S_0049_ANI-2
WHONDRS_S19S;S19S_0049_ANI-3;NA;6.45;4.71;0.59;Below_Range_Less_Than_0.04;0.06;0.31;S19S49;S19S_0049_ICR-3;1.2;S19S_0049_ANI-3
WHONDRS_S19S;S19S_0050_ANI-1;109.4;0.38;5.25;Below_Range_Less_Than_0.12;Below_Range_Less_Than_0.04;0.04;0.54;S19S50;S19S_0050_ICR-1;4.45;S19S_0050_ANI-1
WHONDRS_S19S;S19S_0050_ANI-2;NA;0.27;4.02;Below_Range_Less_Than_0.12;Below_Range_Less_Than_0.04;0.04;0.49;S19S50;S19S_0050_ICR-2;5.13;S19S_0050_ANI-2
WHONDRS_S19S;S19S_0050_ANI-3;NA;0.21;2.57;Below_Range_Less_Than_0.12;Below_Range_Less_Than_0.04;0.03;0.21;S19S50;S19S_0050_ICR-3;4.18;S19S_0050_ANI-3
WHONDRS_S19S;S19S_0051_ANI-1;47.3;NA;2.68;1.23;Below_Range_Less_Than_0.04;0.06;0.54;S19S51;S19S_0051_ICR-1;7.52;S19S_0051_ANI-1
WHONDRS_S19S;S19S_0051_ANI-2;NA;NA;2.58;1.21;Below_Range_Less_Than_0.04;0.04;0.5;S19S51;S19S_0051_ICR-2;9.69;S19S_0051_ANI-2
WHONDRS_S19S;S19S_0051_ANI-3;NA;NA;2.58;1.27;Below_Range_Less_Than_0.04;0.04;0.53;S19S51;S19S_0051_ICR-3;7.62;S19S_0051_ANI-3
WHONDRS_S19S;S19S_0052_ANI-1;135;16.75;3.87;0.41;Below_Range_Less_Than_0.04;0.04;0.54;S19S52;S19S_0052_ICR-1;1.56;S19S_0052_ANI-1
WHONDRS_S19S;S19S_0052_ANI-2;NA;16.6;3.82;0.45;Below_Range_Less_Than_0.04;0.04;0.6;S19S52;S19S_0052_ICR-2;1.4;S19S_0052_ANI-2
WHONDRS_S19S;S19S_0052_ANI-3;NA;16.81;3.74;0.41;Below_Range_Less_Than_0.04;0.04;0.56;S19S52;S19S_0052_ICR-3;1.35;S19S_0052_ANI-3
WHONDRS_S19S;S19S_0053_ANI-1;308;58.81;14.99;2.89;Below_Range_Less_Than_0.04;0.05;1.03;S19S53;S19S_0053_ICR-1;3.06;S19S_0053_ANI-1
WHONDRS_S19S;S19S_0053_ANI-2;NA;59.25;15.19;2.99;Below_Range_Less_Than_0.04;0.04;1.35;S19S53;S19S_0053_ICR-2;2.21;S19S_0053_ANI-2
WHONDRS_S19S;S19S_0053_ANI-3;NA;59.8;15.47;2.93;Below_Range_Less_Than_0.04;0.05;1.28;S19S53;S19S_0053_ICR-3;2.3;S19S_0053_ANI-3
WHONDRS_S19S;S19S_0054_ANI-1;121.4;18.79;7.06;Below_Range_Less_Than_0.12;Below_Range_Less_Than_0.04;0.08;0.44;S19S54;S19S_0054_ICR-1;5.4;S19S_0054_ANI-1
WHONDRS_S19S;S19S_0054_ANI-2;NA;18.83;6.81;Below_Range_Less_Than_0.12;Below_Range_Less_Than_0.04;0.1;0.65;S19S54;S19S_0054_ICR-2;3.61;S19S_0054_ANI-2
WHONDRS_S19S;S19S_0054_ANI-3;NA;19.28;6.94;Below_Range_Less_Than_0.12;Below_Range_Less_Than_0.04;0.08;0.72;S19S54;S19S_0054_ICR-3;3.88;S19S_0054_ANI-3
WHONDRS_S19S;S19S_0055_ANI-1;652;79.08;38.73;3.63;Below_Range_Less_Than_0.04;0.39;1.24;S19S55;S19S_0055_ICR-1;3.58;S19S_0055_ANI-1
WHONDRS_S19S;S19S_0055_ANI-2;NA;75.34;36.6;3.64;Below_Range_Less_Than_0.04;0.41;1.37;S19S55;S19S_0055_ICR-2;2.44;S19S_0055_ANI-2
WHONDRS_S19S;S19S_0055_ANI-3;NA;69.51;33.87;3.09;Below_Range_Less_Than_0.04;0.35;1.24;S19S55;S19S_0055_ICR-3;2.1;S19S_0055_ANI-3
WHONDRS_S19S;S19S_0056_ANI-1;215;17.75;24.1;2.93;0.07;0.15;1.42;S19S56;S19S_0056_ICR-1;3.32;S19S_0056_ANI-1
WHONDRS_S19S;S19S_0056_ANI-2;NA;16.8;23.31;2.9;0.06;0.15;1;S19S56;S19S_0056_ICR-2;4.19;S19S_0056_ANI-2
WHONDRS_S19S;S19S_0056_ANI-3;NA;16.44;23.01;2.96;0.06;0.13;1.08;S19S56;S19S_0056_ICR-3;47.6;S19S_0056_ANI-3
WHONDRS_S19S;S19S_0057_ANI-1;30.8;1.31;0.39;Below_Range_Less_Than_0.12;Below_Range_Less_Than_0.04;0.03;0.88;S19S57;S19S_0057_ICR-1;4.13;S19S_0057_ANI-1
WHONDRS_S19S;S19S_0057_ANI-2;NA;1.31;0.7;Below_Range_Less_Than_0.12;Below_Range_Less_Than_0.04;0.04;0.55;S19S57;S19S_0057_ICR-2;4.05;S19S_0057_ANI-2
WHONDRS_S19S;S19S_0057_ANI-3;NA;1.31;0.4;Below_Range_Less_Than_0.12;Below_Range_Less_Than_0.04;0.03;0.6;S19S57;S19S_0057_ICR-3;0.56;S19S_0057_ANI-3
WHONDRS_S19S;S19S_0058_ANI-1;393;14.32;15.74;7.05;Below_Range_Less_Than_0.04;0.09;1.9;S19S58;S19S_0058_ICR-1;0.73;S19S_0058_ANI-1
WHONDRS_S19S;S19S_0058_ANI-2;NA;13.98;15.81;7.05;Below_Range_Less_Than_0.04;0.1;1.97;S19S58;S19S_0058_ICR-2;0.66;S19S_0058_ANI-2
WHONDRS_S19S;S19S_0058_ANI-3;NA;14.26;15.97;6.89;Below_Range_Less_Than_0.04;0.09;1.89;S19S58;S19S_0058_ICR-3;0.74;S19S_0058_ANI-3
WHONDRS_S19S;S19S_0059_ANI-1;69.2;0.45;4.94;Below_Range_Less_Than_0.12;Below_Range_Less_Than_0.04;0.07;0.19;S19S59;S19S_0059_ICR-1;1.51;S19S_0059_ANI-1
WHONDRS_S19S;S19S_0059_ANI-2;NA;0.46;3.69;Below_Range_Less_Than_0.12;Below_Range_Less_Than_0.04;0.07;0.23;S19S59;S19S_0059_ICR-2;1.42;S19S_0059_ANI-2
WHONDRS_S19S;S19S_0059_ANI-3;NA;0.45;4.55;Below_Range_Less_Than_0.12;Below_Range_Less_Than_0.04;0.07;0.18;S19S59;S19S_0059_ICR-3;1.55;S19S_0059_ANI-3
WHONDRS_S19S;S19S_0060_ANI-1;266;8.63;16.44;5.69;Below_Range_Less_Than_0.04;0.15;1.38;S19S60;S19S_0060_ICR-1;1.48;S19S_0060_ANI-1
WHONDRS_S19S;S19S_0060_ANI-2;NA;8.64;16.82;5.04;Below_Range_Less_Than_0.04;0.15;1.61;S19S60;S19S_0060_ICR-2;1.26;S19S_0060_ANI-2
WHONDRS_S19S;S19S_0060_ANI-3;NA;8.58;16.18;5.05;Below_Range_Less_Than_0.04;0.14;1.55;S19S60;S19S_0060_ICR-3;1.46;S19S_0060_ANI-3
WHONDRS_S19S;S19S_0061_ANI-1;576;28.24;11.81;9.84;0.08;0.08;2.52;S19S61;S19S_0061_ICR-1;3;S19S_0061_ANI-1
WHONDRS_S19S;S19S_0061_ANI-2;NA;27.15;11.34;9.46;0.08;0.09;2.69;S19S61;S19S_0061_ICR-2;2.35;S19S_0061_ANI-2
WHONDRS_S19S;S19S_0061_ANI-3;NA;26.34;10.88;9.53;0.08;0.09;2.46;S19S61;S19S_0061_ICR-3;2.59;S19S_0061_ANI-3
WHONDRS_S19S;S19S_0062_ANI-1;194.2;0.9;13.78;Below_Range_Less_Than_0.12;Below_Range_Less_Than_0.04;0.11;0.29;S19S62;S19S_0062_ICR-1;1.4;S19S_0062_ANI-1
WHONDRS_S19S;S19S_0062_ANI-2;NA;0.44;4.94;Below_Range_Less_Than_0.12;Below_Range_Less_Than_0.04;0.07;0.23;S19S62;S19S_0062_ICR-2;1.86;S19S_0062_ANI-2
WHONDRS_S19S;S19S_0062_ANI-3;NA;0.87;13.59;Below_Range_Less_Than_0.12;Below_Range_Less_Than_0.04;0.11;0.42;S19S62;S19S_0062_ICR-3;1.84;S19S_0062_ANI-3
WHONDRS_S19S;S19S_0063_ANI-1;537;29.88;29.2;1.85;Below_Range_Less_Than_0.04;0.17;0.71;S19S63;S19S_0063_ICR-1;2.18;S19S_0063_ANI-1
WHONDRS_S19S;S19S_0063_ANI-2;NA;28.28;27.58;1.75;Below_Range_Less_Than_0.04;0.18;0.67;S19S63;S19S_0063_ICR-2;1.9;S19S_0063_ANI-2
WHONDRS_S19S;S19S_0063_ANI-3;NA;28.89;28.02;1.82;Below_Range_Less_Than_0.04;0.17;0.95;S19S63;S19S_0063_ICR-3;2.15;S19S_0063_ANI-3
WHONDRS_S19S;S19S_0064_ANI-1;347;6.73;16.86;5.07;0.06;0.05;1.42;S19S64;S19S_0064_ICR-1;1.34;S19S_0064_ANI-1
WHONDRS_S19S;S19S_0064_ANI-2;NA;6.85;17.46;4.99;0.08;0.04;1.48;S19S64;S19S_0064_ICR-2;1.18;S19S_0064_ANI-2
WHONDRS_S19S;S19S_0064_ANI-3;NA;6.71;16.5;4.92;0.05;0.06;1.49;S19S64;S19S_0064_ICR-3;1.52;S19S_0064_ANI-3
WHONDRS_S19S;S19S_0065_ANI-1;227;4.31;11.2;Below_Range_Less_Than_0.12;Below_Range_Less_Than_0.04;0.08;0.81;S19S65;S19S_0065_ICR-1;1.77;S19S_0065_ANI-1
WHONDRS_S19S;S19S_0065_ANI-2;NA;4.28;10.91;Below_Range_Less_Than_0.12;Below_Range_Less_Than_0.04;0.08;0.45;S19S65;S19S_0065_ICR-2;1.79;S19S_0065_ANI-2
WHONDRS_S19S;S19S_0065_ANI-3;NA;4.35;11.01;Below_Range_Less_Than_0.12;Below_Range_Less_Than_0.04;0.1;0.43;S19S65;S19S_0065_ICR-3;1.84;S19S_0065_ANI-3
WHONDRS_S19S;S19S_0066_ANI-1;208;3.85;21.56;0.69;Below_Range_Less_Than_0.04;0.24;0.56;S19S66;S19S_0066_ICR-1;2.07;S19S_0066_ANI-1
WHONDRS_S19S;S19S_0066_ANI-2;NA;3.78;21.12;0.66;Below_Range_Less_Than_0.04;0.22;0.65;S19S66;S19S_0066_ICR-2;3.07;S19S_0066_ANI-2
WHONDRS_S19S;S19S_0067_ANI-1;526;12.15;15.3;6.71;Below_Range_Less_Than_0.04;0.08;2.09;S19S67;S19S_0067_ICR-1;1.77;S19S_0067_ANI-1
WHONDRS_S19S;S19S_0067_ANI-2;NA;11.95;15.08;6.54;Below_Range_Less_Than_0.04;0.08;1.95;S19S67;S19S_0067_ICR-2;2.07;S19S_0067_ANI-2
WHONDRS_S19S;S19S_0067_ANI-3;NA;11.25;14.08;6.69;Below_Range_Less_Than_0.04;0.08;1.98;S19S67;S19S_0067_ICR-3;2.7;S19S_0067_ANI-3
WHONDRS_S19S;S19S_0068_ANI-1;67.1;3.35;0.6;0.13;Below_Range_Less_Than_0.04;0.03;0.37;S19S68;S19S_0068_ICR-1;0.66;S19S_0068_ANI-1
WHONDRS_S19S;S19S_0068_ANI-2;NA;3.33;0.58;0.15;Below_Range_Less_Than_0.04;0.04;0.18;S19S68;S19S_0068_ICR-2;0.69;S19S_0068_ANI-2
WHONDRS_S19S;S19S_0068_ANI-3;NA;3.37;0.58;0.15;Below_Range_Less_Than_0.04;0.04;0.18;S19S68;S19S_0068_ICR-3;0.71;S19S_0068_ANI-3
WHONDRS_S19S;S19S_0069_ANI-1;161.8;15.02;10.24;Below_Range_Less_Than_0.12;Below_Range_Less_Than_0.04;0.09;0.35;S19S69;S19S_0069_ICR-1;0.59;S19S_0069_ANI-1
WHONDRS_S19S;S19S_0069_ANI-2;NA;15.05;10.25;Below_Range_Less_Than_0.12;Below_Range_Less_Than_0.04;0.1;0.17;S19S69;S19S_0069_ICR-2;0.68;S19S_0069_ANI-2
WHONDRS_S19S;S19S_0069_ANI-3;NA;14.93;10.15;Below_Range_Less_Than_0.12;Below_Range_Less_Than_0.04;0.1;0.31;S19S69;S19S_0069_ICR-3;0.69;S19S_0069_ANI-3
WHONDRS_S19S;S19S_0070_ANI-1;175.1;20.83;6.94;Below_Range_Less_Than_0.12;Below_Range_Less_Than_0.04;0.06;0.19;S19S70;S19S_0070_ICR-1;0.85;S19S_0070_ANI-1
WHONDRS_S19S;S19S_0070_ANI-2;NA;20.76;7.19;Below_Range_Less_Than_0.12;Below_Range_Less_Than_0.04;0.07;0.15;S19S70;S19S_0070_ICR-2;1.48;S19S_0070_ANI-2
WHONDRS_S19S;S19S_0070_ANI-3;NA;20.76;7.18;Below_Range_Less_Than_0.12;Below_Range_Less_Than_0.04;0.07;0.38;S19S70;S19S_0070_ICR-3;1.46;S19S_0070_ANI-3
WHONDRS_S19S;S19S_0071_ANI-1;98.2;0.46;3.7;Below_Range_Less_Than_0.12;Below_Range_Less_Than_0.04;0.09;0.46;S19S71;S19S_0071_ICR-1;2.46;S19S_0071_ANI-1
WHONDRS_S19S;S19S_0071_ANI-2;NA;0.44;4.7;Below_Range_Less_Than_0.12;Below_Range_Less_Than_0.04;0.07;0.17;S19S71;S19S_0071_ICR-2;2.71;S19S_0071_ANI-2
WHONDRS_S19S;S19S_0071_ANI-3;NA;0.48;3.65;Below_Range_Less_Than_0.12;Below_Range_Less_Than_0.04;0.08;0.46;S19S71;S19S_0071_ICR-3;2.6;S19S_0071_ANI-3
WHONDRS_S19S;S19S_0072_ANI-1;NA;261.01;16.66;3.5;Below_Range_Less_Than_0.04;Below_Range_Less_Than_0.02;1.39;S19S72;S19S_0072_ICR-1;2.56;S19S_0072_ANI-1
WHONDRS_S19S;S19S_0072_ANI-2;NA;295.29;19.04;3.31;Below_Range_Less_Than_0.04;0.07;1.36;S19S72;S19S_0072_ICR-2;3.58;S19S_0072_ANI-2
WHONDRS_S19S;S19S_0072_ANI-3;NA;282.66;17.35;3.44;Below_Range_Less_Than_0.04;Below_Range_Less_Than_0.02;1.02;S19S72;S19S_0072_ICR-3;3.86;S19S_0072_ANI-3
WHONDRS_S19S;S19S_0073_ANI-1;379;95.35;2.95;0.55;Below_Range_Less_Than_0.04;0.03;0.96;S19S73;S19S_0073_ICR-1;6.36;S19S_0073_ANI-1
WHONDRS_S19S;S19S_0073_ANI-2;NA;94.1;2.71;0.53;Below_Range_Less_Than_0.04;0.04;0.55;S19S73;S19S_0073_ICR-2;6.6;S19S_0073_ANI-2
WHONDRS_S19S;S19S_0073_ANI-3;NA;94.22;32.57;0.51;Below_Range_Less_Than_0.04;0.04;9.86;S19S73;S19S_0073_ICR-3;7.06;S19S_0073_ANI-3
WHONDRS_S19S;S19S_0074_ANI-1;140.8;1.27;10.12;0.43;Below_Range_Less_Than_0.04;0.09;0.48;S19S74;S19S_0074_ICR-1;1.18;S19S_0074_ANI-1
WHONDRS_S19S;S19S_0074_ANI-2;NA;1.21;9.82;0.39;Below_Range_Less_Than_0.04;0.08;0.31;S19S74;S19S_0074_ICR-2;1.45;S19S_0074_ANI-2
WHONDRS_S19S;S19S_0074_ANI-3;NA;1.25;9.86;0.39;Below_Range_Less_Than_0.04;0.08;0.27;S19S74;S19S_0074_ICR-3;1.48;S19S_0074_ANI-3
WHONDRS_S19S;S19S_0075_ANI-1;133.1;1.06;9.54;0.18;Below_Range_Less_Than_0.04;0.08;0.24;S19S75;S19S_0075_ICR-1;0.74;S19S_0075_ANI-1
WHONDRS_S19S;S19S_0075_ANI-2;NA;1.04;9.49;0.19;Below_Range_Less_Than_0.04;0.08;0.42;S19S75;S19S_0075_ICR-2;1.44;S19S_0075_ANI-2
WHONDRS_S19S;S19S_0075_ANI-3;NA;1.08;9.12;0.18;Below_Range_Less_Than_0.04;0.07;0.44;S19S75;S19S_0075_ICR-3;2.05;S19S_0075_ANI-3
WHONDRS_S19S;S19S_0076_ANI-1;139.6;1.45;9.87;Below_Range_Less_Than_0.12;Below_Range_Less_Than_0.04;0.09;0.22;S19S76;S19S_0076_ICR-1;1.49;S19S_0076_ANI-1
WHONDRS_S19S;S19S_0076_ANI-2;NA;1.36;9.77;Below_Range_Less_Than_0.12;Below_Range_Less_Than_0.04;0.09;0.44;S19S76;S19S_0076_ICR-2;1.26;S19S_0076_ANI-2
WHONDRS_S19S;S19S_0076_ANI-3;NA;1.31;9.85;0.15;Below_Range_Less_Than_0.04;0.08;0.28;S19S76;S19S_0076_ICR-3;1.67;S19S_0076_ANI-3
WHONDRS_S19S;S19S_0077_ANI-1;49.5;0.78;3.47;Below_Range_Less_Than_0.12;Below_Range_Less_Than_0.04;0.16;0.24;S19S77;S19S_0077_ICR-1;1.94;S19S_0077_ANI-1
WHONDRS_S19S;S19S_0077_ANI-2;NA;0.62;2.52;Below_Range_Less_Than_0.12;Below_Range_Less_Than_0.04;0.16;0.45;S19S77;S19S_0077_ICR-2;2.64;S19S_0077_ANI-2
WHONDRS_S19S;S19S_0077_ANI-3;NA;0.75;3.6;Below_Range_Less_Than_0.12;Below_Range_Less_Than_0.04;0.18;0.54;S19S77;S19S_0077_ICR-3;2.09;S19S_0077_ANI-3
WHONDRS_S19S;S19S_0078_ANI-1;109.3;3.5;8.6;Below_Range_Less_Than_0.12;Below_Range_Less_Than_0.04;0.06;0.89;S19S78;S19S_0078_ICR-1;2.47;S19S_0078_ANI-1
WHONDRS_S19S;S19S_0078_ANI-2;NA;3.51;8.35;Below_Range_Less_Than_0.12;Below_Range_Less_Than_0.04;0.07;0.61;S19S78;S19S_0078_ICR-2;2.56;S19S_0078_ANI-2
WHONDRS_S19S;S19S_0078_ANI-3;NA;3.48;8.13;Below_Range_Less_Than_0.12;Below_Range_Less_Than_0.04;0.06;0.56;S19S78;S19S_0078_ICR-3;2.27;S19S_0078_ANI-3
WHONDRS_S19S;S19S_0079_ANI-1;89.6;3.7;3.7;Below_Range_Less_Than_0.12;Below_Range_Less_Than_0.04;0.07;1.25;S19S79;S19S_0079_ICR-1;1.31;S19S_0079_ANI-1
WHONDRS_S19S;S19S_0079_ANI-2;NA;3.67;2.42;Below_Range_Less_Than_0.12;Below_Range_Less_Than_0.04;0.06;0.82;S19S79;S19S_0079_ICR-2;1.31;S19S_0079_ANI-2
WHONDRS_S19S;S19S_0079_ANI-3;NA;3.69;2;0.19;Below_Range_Less_Than_0.04;0.05;0.69;S19S79;S19S_0079_ICR-3;1.38;S19S_0079_ANI-3
WHONDRS_S19S;S19S_0080_ANI-1;268;13.76;27.3;1.54;Below_Range_Less_Than_0.04;0.27;0.82;S19S80;S19S_0080_ICR-1;2.71;S19S_0080_ANI-1
WHONDRS_S19S;S19S_0080_ANI-2;NA;14.99;79.17;1.27;Below_Range_Less_Than_0.04;0.26;9.27;S19S80;S19S_0080_ICR-2;2.72;S19S_0080_ANI-2
WHONDRS_S19S;S19S_0080_ANI-3;NA;14.21;32.1;1.16;Below_Range_Less_Than_0.04;0.24;1.2;S19S80;NA;NA;S19S_0080_ANI-3
WHONDRS_S19S;S19S_0081_ANI-1;423;92.26;11.64;2.95;Below_Range_Less_Than_0.04;0.09;0.99;S19S81;S19S_0081_ICR-1;2.86;S19S_0081_ANI-1
WHONDRS_S19S;S19S_0081_ANI-2;NA;90.4;11.49;2.9;Below_Range_Less_Than_0.04;0.1;1.06;S19S81;S19S_0081_ICR-2;2.87;S19S_0081_ANI-2
WHONDRS_S19S;S19S_0081_ANI-3;NA;92.06;11.52;2.74;Below_Range_Less_Than_0.04;0.1;1.14;S19S81;S19S_0081_ICR-3;2.32;S19S_0081_ANI-3
WHONDRS_S19S;S19S_0082_ANI-1;NA;NA;NA;Below_Range_Less_Than_0.12;Below_Range_Less_Than_0.04;Below_Range_Less_Than_0.02;0.44;S19S82;S19S_0082_ICR-1;5.51;S19S_0082_ANI-1
WHONDRS_S19S;S19S_0082_ANI-2;NA;NA;NA;Below_Range_Less_Than_0.12;Below_Range_Less_Than_0.04;Below_Range_Less_Than_0.02;0.72;S19S82;S19S_0082_ICR-2;5.44;S19S_0082_ANI-2
WHONDRS_S19S;S19S_0082_ANI-3;NA;NA;NA;Below_Range_Less_Than_0.12;Below_Range_Less_Than_0.04;Below_Range_Less_Than_0.02;0.71;S19S82;S19S_0082_ICR-3;5.39;S19S_0082_ANI-3
WHONDRS_S19S;S19S_0083_ANI-1;725;48.18;78.7;0.61;Below_Range_Less_Than_0.04;0.22;0.53;S19S83;S19S_0083_ICR-1;3.75;S19S_0083_ANI-1
WHONDRS_S19S;S19S_0083_ANI-2;NA;47.57;77.28;0.6;Below_Range_Less_Than_0.04;0.23;0.58;S19S83;S19S_0083_ICR-2;2.49;S19S_0083_ANI-2
WHONDRS_S19S;S19S_0083_ANI-3;NA;23.94;40.33;0.56;Below_Range_Less_Than_0.04;0.19;0.82;S19S83;S19S_0083_ICR-3;2.9;S19S_0083_ANI-3
WHONDRS_S19S;S19S_0084_ANI-1;14.78;0.4;2.66;Below_Range_Less_Than_0.12;Below_Range_Less_Than_0.04;0.04;0.46;S19S84;S19S_0084_ICR-1;1.77;S19S_0084_ANI-1
WHONDRS_S19S;S19S_0084_ANI-2;NA;0.37;2.88;Below_Range_Less_Than_0.12;Below_Range_Less_Than_0.04;0.04;0.24;S19S84;S19S_0084_ICR-2;2.15;S19S_0084_ANI-2
WHONDRS_S19S;S19S_0084_ANI-3;NA;0.37;2.85;Below_Range_Less_Than_0.12;Below_Range_Less_Than_0.04;0.04;0.19;S19S84;S19S_0084_ICR-3;1.36;S19S_0084_ANI-3
WHONDRS_S19S;S19S_0085_ANI-1;112.9;2.68;4.04;Below_Range_Less_Than_0.12;Below_Range_Less_Than_0.04;0.38;0.4;S19S85;S19S_0085_ICR-1;1.29;S19S_0085_ANI-1
WHONDRS_S19S;S19S_0085_ANI-2;NA;2.66;4;Below_Range_Less_Than_0.12;Below_Range_Less_Than_0.04;0.37;0.22;S19S85;S19S_0085_ICR-2;1.57;S19S_0085_ANI-2
WHONDRS_S19S;S19S_0085_ANI-3;NA;2.66;4;Below_Range_Less_Than_0.12;Below_Range_Less_Than_0.04;0.37;0.43;S19S85;S19S_0085_ICR-3;0.87;S19S_0085_ANI-3
WHONDRS_S19S;S19S_0086_ANI-1;563;11.18;82.35;Below_Range_Less_Than_0.12;Below_Range_Less_Than_0.04;0.12;0.37;S19S86;S19S_0086_ICR-1;0.58;S19S_0086_ANI-1
WHONDRS_S19S;S19S_0086_ANI-2;NA;10.8;80.07;Below_Range_Less_Than_0.12;Below_Range_Less_Than_0.04;0.12;0.42;S19S86;S19S_0086_ICR-2;0.74;S19S_0086_ANI-2
WHONDRS_S19S;S19S_0086_ANI-3;NA;10.95;81.36;Below_Range_Less_Than_0.12;Below_Range_Less_Than_0.04;0.13;0.38;S19S86;S19S_0086_ICR-3;0.77;S19S_0086_ANI-3
WHONDRS_S19S;S19S_0087_ANI-1;177.2;1.1;1.74;0.21;Below_Range_Less_Than_0.04;0.14;0.32;S19S87;S19S_0087_ICR-1;2.16;S19S_0087_ANI-1
WHONDRS_S19S;S19S_0087_ANI-2;NA;0.99;1.7;0.27;Below_Range_Less_Than_0.04;0.11;0.26;S19S87;S19S_0087_ICR-2;1.45;S19S_0087_ANI-2
WHONDRS_S19S;S19S_0087_ANI-3;NA;1.01;1.69;0.24;Below_Range_Less_Than_0.04;0.1;0.52;S19S87;S19S_0087_ICR-3;1.46;S19S_0087_ANI-3
WHONDRS_S19S;S19S_0089_ANI-1;511;36.8;22.55;2.83;Below_Range_Less_Than_0.04;0.16;0.81;S19S89;S19S_0089_ICR-1;1.59;S19S_0089_ANI-1
WHONDRS_S19S;S19S_0089_ANI-2;NA;36.66;22.77;2.66;Below_Range_Less_Than_0.04;0.19;0.82;S19S89;S19S_0089_ICR-2;2.37;S19S_0089_ANI-2
WHONDRS_S19S;S19S_0089_ANI-3;NA;36.96;22.15;2.84;Below_Range_Less_Than_0.04;0.19;0.81;S19S89;S19S_0089_ICR-3;1.16;S19S_0089_ANI-3
WHONDRS_S19S;S19S_0090_ANI-1;242;20.42;36.51;21.85;Below_Range_Less_Than_0.04;Below_Range_Less_Than_0.02;5.5;S19S90;NA;NA;S19S_0090_ANI-1
WHONDRS_S19S;S19S_0090_ANI-2;NA;20.52;36.86;22.87;Below_Range_Less_Than_0.04;Below_Range_Less_Than_0.02;4.79;S19S90;S19S_0090_ICR-2;2.08;S19S_0090_ANI-2
WHONDRS_S19S;S19S_0090_ANI-3;NA;20.33;36.47;21.93;Below_Range_Less_Than_0.04;0.03;5.43;S19S90;S19S_0090_ICR-3;1.54;S19S_0090_ANI-3
WHONDRS_S19S;S19S_0091_ANI-1;155.7;1.87;22.62;0.21;Below_Range_Less_Than_0.04;0.08;1.19;S19S91;NA;NA;S19S_0091_ANI-1
WHONDRS_S19S;S19S_0091_ANI-2;NA;1.87;22.72;0.2;Below_Range_Less_Than_0.04;0.08;0.89;S19S91;S19S_0091_ICR-2;NA;S19S_0091_ANI-2
WHONDRS_S19S;S19S_0091_ANI-3;NA;1.87;22.61;0.22;Below_Range_Less_Than_0.04;0.08;0.39;S19S91;S19S_0091_ICR-3;NA;S19S_0091_ANI-3
WHONDRS_S19S;S19S_0092_ANI-1;704;31.81;45.16;53.65;NA;0.17;29.41;S19S92;S19S_0092_ICR-1;8.31;S19S_0092_ANI-1
WHONDRS_S19S;S19S_0092_ANI-2;NA;31.79;44.92;53.06;NA;0.18;29.67;S19S92;S19S_0092_ICR-2;9.01;S19S_0092_ANI-2
WHONDRS_S19S;S19S_0092_ANI-3;NA;32.45;46.24;53.6;NA;0.31;29.76;S19S92;S19S_0092_ICR-3;8.13;S19S_0092_ANI-3
WHONDRS_S19S;S19S_0093_ANI-1;572;24.96;41.34;31.27;Below_Range_Less_Than_0.04;0.15;7.36;S19S93;S19S_0093_ICR-1;11.09;S19S_0093_ANI-1
WHONDRS_S19S;S19S_0093_ANI-2;NA;20.99;41.6;30.67;Below_Range_Less_Than_0.04;0.14;6.54;S19S93;S19S_0093_ICR-2;10.83;S19S_0093_ANI-2
WHONDRS_S19S;S19S_0093_ANI-3;NA;22.98;37.72;29.63;Below_Range_Less_Than_0.04;0.13;7.66;S19S93;S19S_0093_ICR-3;8.47;S19S_0093_ANI-3
WHONDRS_S19S;S19S_0094_ANI-1;54.7;6.21;1.31;0.5;Below_Range_Less_Than_0.04;Below_Range_Less_Than_0.02;0.51;S19S94;S19S_0094_ICR-1;1.24;S19S_0094_ANI-1
WHONDRS_S19S;S19S_0094_ANI-2;NA;6.12;1.22;0.53;Below_Range_Less_Than_0.04;0.03;0.49;S19S94;S19S_0094_ICR-2;0.8;S19S_0094_ANI-2
WHONDRS_S19S;S19S_0094_ANI-3;NA;6.14;1.2;0.58;Below_Range_Less_Than_0.04;0.03;0.47;S19S94;S19S_0094_ICR-3;1.09;S19S_0094_ANI-3
WHONDRS_S19S;S19S_0096_ANI-1;102.3;3.22;6.08;5.43;0.07;0.09;1.81;S19S96;S19S_0096_ICR-1;0.89;S19S_0096_ANI-1
WHONDRS_S19S;S19S_0096_ANI-2;NA;3.18;5.97;5.38;0.07;0.09;1.56;S19S96;S19S_0096_ICR-2;0.88;S19S_0096_ANI-2
WHONDRS_S19S;S19S_0096_ANI-3;NA;3.17;6.01;5.48;0.08;0.11;1.97;S19S96;S19S_0096_ICR-3;0.78;S19S_0096_ANI-3
WHONDRS_S19S;S19S_0097_ANI-1;455;12.6;14.24;1.06;Below_Range_Less_Than_0.04;0.1;0.39;S19S97;S19S_0097_ICR-1;0.58;S19S_0097_ANI-1
WHONDRS_S19S;S19S_0097_ANI-2;NA;12.38;14.09;1.05;Below_Range_Less_Than_0.04;0.09;0.43;S19S97;S19S_0097_ICR-2;1.16;S19S_0097_ANI-2
WHONDRS_S19S;S19S_0097_ANI-3;NA;12.68;14.21;1.01;Below_Range_Less_Than_0.04;0.09;0.6;S19S97;S19S_0097_ICR-3;0.98;S19S_0097_ANI-3
WHONDRS_S19S;S19S_0098_ANI-1;296;1.14;1.9;0.65;Below_Range_Less_Than_0.04;0.05;0.31;S19S98;S19S_0098_ICR-1;0.93;S19S_0098_ANI-1
WHONDRS_S19S;S19S_0098_ANI-2;NA;1.14;2.02;0.66;Below_Range_Less_Than_0.04;0.05;0.29;S19S98;S19S_0098_ICR-2;0.73;S19S_0098_ANI-2
WHONDRS_S19S;S19S_0098_ANI-3;NA;1.11;1.88;0.66;Below_Range_Less_Than_0.04;0.05;0.28;S19S98;S19S_0098_ICR-3;0.94;S19S_0098_ANI-3
WHONDRS_S19S;S19S_0099_ANI-1;657;70.55;47.79;4.43;Below_Range_Less_Than_0.04;0.33;1.51;S19S99;S19S_0099_ICR-1;2.3;S19S_0099_ANI-1
WHONDRS_S19S;S19S_0099_ANI-2;NA;68.35;45.59;4.64;Below_Range_Less_Than_0.04;0.29;1.47;S19S99;S19S_0099_ICR-2;NA;S19S_0099_ANI-2
WHONDRS_S19S;S19S_0099_ANI-3;NA;66.16;44.37;4.75;Below_Range_Less_Than_0.04;0.3;1.86;S19S99;S19S_0099_ICR-3;1.62;S19S_0099_ANI-3
WHONDRS_S19S;S19S_0100_ANI-1;226;0.22;34.62;Below_Range_Less_Than_0.12;Below_Range_Less_Than_0.04;0.09;0.4;S19S100;S19S_0100_ICR-1;0.55;S19S_0100_ANI-1
WHONDRS_S19S;S19S_0100_ANI-2;NA;0.2;34.82;Below_Range_Less_Than_0.12;Below_Range_Less_Than_0.04;0.06;0.37;S19S100;S19S_0100_ICR-2;0.47;S19S_0100_ANI-2
WHONDRS_S19S;S19S_0100_ANI-3;NA;0.2;34.8;Below_Range_Less_Than_0.12;Below_Range_Less_Than_0.04;0.06;0.36;S19S100;S19S_0100_ICR-3;0.67;S19S_0100_ANI-3
