id,date,stream_name,stream_order,veg_type,river_morphology,intermittent,river_gradient,sed_type,latitude,longitude,water_height,sed_deposition,algal_mats,macrophytes,ph,do_mgl,flow_variation,contamination,sed_type_recode,river_gradient_recode,veg_type_recode,veg_type_recode2,veg_type_recode3,algal_mats_recode,slope,mgL_per_hr
S19S_0001,19-Sep-19,Fraser,9,Grass,Single-channel meandering,Perennial,Relatively flat/gentle gradient (e.g. valleys),Sand,49.38626,-121.45055,16,Shallow waters near the shore,No,No,6.5,"NA",Natural flow (seasonal). Glacial melt,Yes,Sand,Gentle gradient,Grass,Grass,Grass,No,NA,NA
S19S_0003,8-Sep-19,Thompson,7,Not vegetated,Single-channel straight,Perennial,Relatively flat/gentle gradient (e.g. valleys),Silt/mud (<0.0625mm),50.68883,-120.36647,30,Shallow waters near the shore,Low,No,6,"NA",Natural flow (seasonal). Glacial melt,Yes,Silt,Gentle gradient,None,None,None,Low,NA,NA
S19S_0004,8-Sep-19,South Thompson,6,Grass,Single-channel straight,Perennial,Relatively flat/gentle gradient (e.g. valleys),Gravel/cobble (>2mm),50.77505,-119.72175,19,Shallow waters near the shore,No,Low,6.5,"NA",Natural flow (seasonal). Glacial melt,Yes,Gravel,Gentle gradient,Grass,Grass,Grass,No,NA,NA
S19S_0005,6-Aug-19,Assiniboine,"NA",Shrub. Grass,Single-channel straight,"NA",Relatively flat/gentle gradient (e.g. valleys),Silt/mud (<0.0625mm),49.86877,-97.40805,18,Shallow waters near the shore,"NA","NA",8,"NA","NA","NA",Silt,Gentle gradient,Shrub,Shrub,Shrub,"NA",NA,NA
S19S_0006,29-Jul-19,Dead Run,2,Broadleaf deciduous tree. Shrub,Single-channel meandering,Perennial,Relatively flat/gentle gradient (e.g. valleys),Gravel/cobble (>2mm),39.31162,-76.717316,10,Inside bend of a stream,Low,No,7.5,"NA",Natural flow (seasonal),Yes,Gravel,Gentle gradient,Broadleaf deciduous,Broadleaf,deciduous,Low,-0.135,8.135
S19S_0007,29-Jul-19,Providence Creek / KREW's P304 creek,1,Needleleaf evergreen tree. Shrub,Single-channel straight,Perennial,Relatively steep gradient (e.g. mountainous or hilly terrain),Sand,37.052435,-119.19567,7.5,Riffle,No,No,6.5,"NA",Natural flow (seasonal). Evapotranspiration,Yes,Sand,Steep gradient,Needleleaf evergreen,Needleleaf,evergreen,No,-0.06,3.32
S19S_0008,29-Jul-19,Teakettle T003 stream,1,Needleleaf evergreen tree. Shrub,Single-channel straight,Perennial,Relatively steep gradient (e.g. mountainous or hilly terrain),Sand,36.961369,-119.028281,22,Downstream from obstacles,No,Low,6.5,4.62 - may not be correctly calibrated,Natural flow (seasonal). Evapotranspiration,No,Sand,Steep gradient,Needleleaf evergreen,Needleleaf,evergreen,No,-0.06,3.5700000000000003
S19S_0009,30-Jul-19,Little Wind River,6,Broadleaf deciduous tree. Shrub,Single-channel meandering,Perennial,Relatively flat/gentle gradient (e.g. valleys),Silt/mud (<0.0625mm),42.9876,-108.3983,8,Inside bend of a stream,Low,No,8,"NA",Natural flow (seasonal),No,Silt,Gentle gradient,Broadleaf deciduous,Broadleaf,deciduous,Low,NA,NA
S19S_0010,31-Jul-19,Altamaha,7,Needleleaf evergreen tree,Single-channel meandering,Perennial,Relatively flat/gentle gradient (e.g. valleys),Silt/mud (<0.0625mm),31.667835,-81.839976,30,At the inside bend of a stream. in shallow waters near the shore,Low,No,6.7,"NA",Natural flow (seasonal),"NA",Silt,Gentle gradient,Needleleaf evergreen,Needleleaf,evergreen,Low,-0.049999999999999996,2.86
S19S_0011,5-Aug-19,Middle Oconee,5,Broadleaf evergreen tree,Single-channel straight,Perennial,Relatively flat/gentle gradient (e.g. valleys),Silt/mud (<0.0625mm),33.957827,-83.438589,100,Shallow waters near the shore,the water was very turbid. and no visual inspection was possible. I assume no algal mats present,No,6.7,"NA",Natural flow (seasonal),No,Silt,Gentle gradient,Broadleaf evergreen,Broadleaf,evergreen,No,-0.1,6.28
S19S_0012,13-Aug-19,Hop Brook,2,Broadleaf deciduous tree,Single-channel straight,Perennial,Relatively flat/gentle gradient (e.g. valleys),Gravel/cobble (>2mm),42.47157,-72.33038,5,Shallow waters near the shore,No,No,6.5,9.63,Natural flow (seasonal),No,Gravel,Gentle gradient,Broadleaf deciduous,Broadleaf,deciduous,No,-0.016666666666666666,1.1933333333333334
S19S_0013,19-Aug-19,Posey Creek,1,Broadleaf deciduous tree,Single-channel meandering,Perennial,Relatively steep gradient (e.g. mountainous or hilly terrain),Gravel/cobble (>2mm),38.8945,-78.1474,7,Shallow waters near the shore,No,No,6.5,7.56,Natural flow (seasonal). Evapotranspiration,No,Gravel,Steep gradient,Broadleaf deciduous,Broadleaf,deciduous,No,NA,NA
S19S_0014,19-Aug-19,Lewis Run,2,Broadleaf deciduous tree,Single-channel meandering,Perennial,Relatively flat/gentle gradient (e.g. valleys),Silt/mud (<0.0625mm),39.0942,-77.9812,15,Shallow waters near the shore,No,No,7.5,9.6,Natural flow (seasonal). Evapotranspiration. Water treatment plant upstream causes water level to vary occasionally,No,Silt,Gentle gradient,Broadleaf deciduous,Broadleaf,deciduous,No,-0.22,13.44
S19S_0015,5-Aug-19,Flint River,7,Needleleaf deciduous tree. Broadleaf deciduous tree,Single-channel meandering,Perennial,Relatively flat/gentle gradient (e.g. valleys),Sand,31.184508,-84.437802,131.064,Shallow waters near the shore,No,No,7,6.87,Natural flow (seasonal). Dam (hydropower or other). Irrigation pumping,"NA",Sand,Gentle gradient,Needleleaf deciduous,Needleleaf,deciduous,No,-0.043333333333333335,2.62
S19S_0016,12-Aug-19,King's Creek,2,Broadleaf deciduous tree. Grass,Single-channel meandering,Intermittent,Relatively flat/gentle gradient (e.g. valleys),Gravel/cobble (>2mm),39.10429,-96.60286,15,Downstream from obstacles,High,No,7.5,4.37,Natural flow (seasonal),No,Gravel,Gentle gradient,Broadleaf deciduous,Broadleaf,deciduous,High,-0.08,4.665
S19S_0017,26-Aug-19,McDiffett Creek,3,Broadleaf deciduous tree. Crop,Single-channel meandering,Perennial,Relatively flat/gentle gradient (e.g. valleys),Gravel/cobble (>2mm),38.94667,-96.44379,18.5,Inside bend of a stream,Low,No,7.5,7.3,Natural flow (seasonal),No,Gravel,Gentle gradient,Broadleaf deciduous,Broadleaf,deciduous,Low,-0.045000000000000005,2.56
S19S_0018,5-Aug-19,LeConte Creek,2,Needleleaf evergreen tree. Broadleaf deciduous tree,Single-channel straight,Perennial,Relatively steep gradient (e.g. mountainous or hilly terrain),Gravel/cobble (>2mm),35.692083,-83.5044488,26,Pool lip,No,No,6.5,9.8,Natural flow (seasonal). Evapotranspiration,No,Gravel,Steep gradient,Needleleaf evergreen,Needleleaf,evergreen,No,-0.02666666666666667,1.6
S19S_0019,19-May-19,Walker Branch,1,Broadleaf deciduous tree,Single-channel straight,Perennial,Relatively flat/gentle gradient (e.g. valleys),Gravel/cobble (>2mm),35.956601,-84.2789099,8,Shallow waters near the shore,No,Low,8,11.46,Natural flow (seasonal). Evapotranspiration,No,Gravel,Gentle gradient,Broadleaf deciduous,Broadleaf,deciduous,No,-0.09,5.55
S19S_0020,19-Aug-19,Tombigbee River,7,Needleleaf evergreen tree. Broadleaf deciduous tree,Single-channel straight,Perennial,Relatively flat/gentle gradient (e.g. valleys),Sand,31.85302,-88.1575,26,Shallow waters near the shore,No,Low,7.5,6.61,Natural flow (seasonal),Yes,Sand,Gentle gradient,Needleleaf evergreen,Needleleaf,evergreen,No,-0.045000000000000005,2.755
S19S_0021,20-Aug-19,Black Warrior,6,Needleleaf evergreen tree. Broadleaf deciduous tree,Single-channel straight,Perennial,Relatively flat/gentle gradient (e.g. valleys),Silt/mud (<0.0625mm),32.54082,-87.79828,21,Shallow waters near the shore,No,Low,7.5,6.55,Natural flow (seasonal),Yes,Silt,Gentle gradient,Needleleaf evergreen,Needleleaf,evergreen,No,NA,NA
S19S_0022,5-Aug-19,Mayfield Creek,7,Broadleaf evergreen tree. Broadleaf deciduous tree,Single-channel meandering,Perennial,Relatively flat/gentle gradient (e.g. valleys),Sand,32.96156,-87.40821,9,Inside bend of a stream,No,No,7,7.45,Natural flow (seasonal),No,Sand,Gentle gradient,Broadleaf evergreen,Broadleaf,evergreen,No,0,0.21666666666666667
S19S_0023,6-Aug-19,Arikaree River,4,Broadleaf deciduous tree. Grass,Single-channel meandering,Intermittent,Relatively flat/gentle gradient (e.g. valleys),Sand,39.75861,-102.44896,12.5,Shallow waters near the shore,High,High,7.5,3.83,Natural flow (seasonal). Irrigation pumping,No,Sand,Gentle gradient,Broadleaf deciduous,Broadleaf,deciduous,High,-0.12,7.24
S19S_0024,18-Aug-19,Blue River,4,Broadleaf deciduous tree. Grass,Single-channel straight,Perennial,Relatively flat/gentle gradient (e.g. valleys),Bedrock (primarily),34.44223,-96.62255,29.5,Pool lip,Low,No,7,8.68,Natural flow (seasonal),No,Bedrock,Gentle gradient,Broadleaf deciduous,Broadleaf,deciduous,Low,NA,NA
S19S_0025,6-Aug-19,Pringle Creek,3,Needleleaf evergreen tree. Broadleaf deciduous tree,Single-channel straight,Perennial,Relatively flat/gentle gradient (e.g. valleys),Sand,33.37834,-97.78307,9,Shallow waters near the shore,High,High,7,5.04,Natural flow (seasonal). Evapotranspiration. Occasional seasonal drying due to arid conditions,No,Sand,Gentle gradient,Needleleaf evergreen,Needleleaf,evergreen,High,-0.13,7.68
S19S_0026,5-Aug-19,Como Creek,1,Needleleaf evergreen tree. Broadleaf deciduous tree,Single-channel meandering,Perennial,Relatively steep gradient (e.g. mountainous or hilly terrain),Bedrock (primarily),40.03496,-105.54371,7,Pool lip,No,Low,6,8.25,Natural flow (seasonal),No,Bedrock,Steep gradient,Needleleaf evergreen,Needleleaf,evergreen,No,-0.05333333333333333,3.106666666666667
S19S_0027,13-Aug-19,West St. Louis Creek,1,Needleleaf evergreen tree. Shrub,Single-channel meandering,Perennial,Relatively steep gradient (e.g. mountainous or hilly terrain),Gravel/cobble (>2mm),39.89078,-105.91152,9,Pool lip,No,Low,6.5,9.57,Natural flow (seasonal). Glacial melt,No,Gravel,Steep gradient,Needleleaf evergreen,Needleleaf,evergreen,No,-0.016666666666666666,1.0666666666666667
S19S_0028,6-Aug-19,Sycamore Creek,4,Broadleaf deciduous tree. Shrub,Multi-channel,Intermittent,Relatively steep gradient (e.g. mountainous or hilly terrain),Sand,33.750788,-111.508001,22,Pool lip,High,High,7.5,"NA",Natural flow (seasonal),No,Sand,Steep gradient,Broadleaf deciduous,Broadleaf,deciduous,High,-0.07,4.22
S19S_0029,5-Aug-19,Red Butte Creek,3,Broadleaf deciduous tree,Single-channel meandering,Perennial,Relatively steep gradient (e.g. mountainous or hilly terrain),Gravel/cobble (>2mm),40.78466,-111.79582,2,Downstream from obstacles,High,No,7.5,9.72,Natural flow (seasonal),No,Gravel,Steep gradient,Broadleaf deciduous,Broadleaf,deciduous,High,-0.06,3.58
S19S_0030,13-Aug-19,Martha Creek,2,Needleleaf evergreen tree. Broadleaf deciduous tree,Single-channel meandering,Perennial,Relatively flat/gentle gradient (e.g. valleys),Gravel/cobble (>2mm),45.792279,-121.929539,9,Shallow waters near the shore,No,No,6,9.1,Natural flow (seasonal),No,Gravel,Gentle gradient,Needleleaf evergreen,Needleleaf,evergreen,No,-0.05,2.87
S19S_0031,19-Aug-19,McRae Creek,1,Needleleaf evergreen tree. Broadleaf deciduous tree,Single-channel meandering,Perennial,Relatively steep gradient (e.g.. mountainous or hilly terrain),Gravel/cobble (>2mm),44.2602364,-122.1647132,9,Riffle,No,High,6,9.56,Natural flow (seasonal). Large woody debris,No,Gravel,Steep gradient,Needleleaf evergreen,Needleleaf,evergreen,No,-0.01,0.43666666666666665
S19S_0032,26-Aug-19,Teakettle 2 Creek,1,Needleleaf evergreen tree. Shrub,Single-channel meandering,Perennial,Relatively steep gradient (e.g. mountainous or hilly terrain),Gravel/cobble (>2mm),36.95503,-119.02367,10.5,Downstream from obstacles,No,Low,7,9.35,Natural flow (seasonal),No,Gravel,Steep gradient,Needleleaf evergreen,Needleleaf,evergreen,No,-0.05,2.88
S19S_0033,12-Aug-19,Big Creek,2,Needleleaf evergreen tree. Broadleaf deciduous tree,Single-channel meandering,Perennial,Relatively flat/gentle gradient (e.g. valleys),Gravel/cobble (>2mm),37.0582,-119.2557,19,Inside bend of a stream,Low,No,7,9.46,Natural flow (seasonal),No,Gravel,Gentle gradient,Needleleaf evergreen,Needleleaf,evergreen,Low,-0.013333333333333334,0.8166666666666667
S19S_0034,5-Aug-19,La Jara,1,Needleleaf evergreen tree. Grass,Single-channel straight,Perennial,Relatively steep gradient (e.g. mountainous or hilly terrain),Gravel/cobble (>2mm),35.8678,-106.5232,5.4,Pool lip,Low. The algal mat coverage is not on sediment but nearby,Low,7,"NA",Natural flow (seasonal),No,Gravel,Steep gradient,Needleleaf evergreen,Needleleaf,evergreen,Low,-0.04,2.53
S19S_0035,12-Aug-19,Marshall Gulch,1,Needleleaf evergreen tree. Broadleaf deciduous tree,Single-channel straight,Perennial,Relatively steep gradient (e.g. mountainous or hilly terrain),Gravel/cobble (>2mm),32.42728,-110.758821,13,Downstream from obstacles,Low,Low,6.5,5.88,Natural flow (seasonal),No,Gravel,Steep gradient,Needleleaf evergreen,Needleleaf,evergreen,Low,-0.05333333333333333,3.336666666666667
S19S_0036,5-Aug-19,Columbia,8,Broadleaf deciduous tree,Single-channel straight,Perennial,Relatively flat/gentle gradient (e.g. valleys),Gravel/cobble (>2mm),46.372735,-119.271921,23,Shallow waters near the shore,Low,No,7,"NA",Dam (hydropower or other),No,Gravel,Gentle gradient,Broadleaf deciduous,Broadleaf,deciduous,Low,-0.065,3.65
S19S_0037,12-Aug-19,White Clay Creek,2,Grass,Single-channel straight,Perennial,Relatively flat/gentle gradient (e.g. valleys),Gravel/cobble (>2mm),39.8578837,-75.7830477,19.5,Downstream from obstacles,Low,Low,6.5,8.97,Natural flow (seasonal),Yes,Gravel,Gentle gradient,Grass,Grass,Grass,Low,-0.06666666666666667,3.81
S19S_0038,12-Aug-19,White Clay Creek,2,Broadleaf deciduous tree,Single-channel straight,Perennial,Relatively flat/gentle gradient (e.g. valleys),Gravel/cobble (>2mm),39.8595115,-75.7840693,27,Pool lip,No,No,6.5,8.62,Natural flow (seasonal),Yes,Gravel,Gentle gradient,Broadleaf deciduous,Broadleaf,deciduous,No,-0.04,2.22
S19S_0039,5-Aug-19,East Fork Poplar Creek,3,Broadleaf deciduous tree. Grass,Single-channel meandering,Perennial,Relatively flat/gentle gradient (e.g. valleys),Gravel/cobble (>2mm),35.966319,-84.358455,7.6,Downstream from obstacles,No,No,7.5,6.13,Natural flow (seasonal),Yes,Gravel,Gentle gradient,Broadleaf deciduous,Broadleaf,deciduous,No,-0.06,3.7
S19S_0040,5-Aug-19,Kings Creek (N04D),1,Shrub. Grass,Single-channel meandering,Intermittent,Relatively steep gradient (e.g. mountainous or hilly terrain),Gravel/cobble (>2mm),69.087692,-96.584798,3,bison crossing in riffle,High,No,7.5,8.62,Natural flow (seasonal),No,Gravel,Steep gradient,Shrub,Shrub,Shrub,High,-0.15,9.16
S19S_0041,5-Aug-19,Crooked River,6,Broadleaf deciduous tree. Grass,Multi-channel,Perennial,Relatively flat/gentle gradient (e.g. valleys),Sand,44.300038,-120.858255,10,Shallow waters near the shore,No,Low,6.5,"NA",Natural flow (seasonal). Dam (hydropower or other). Irrigation pumping,Yes,Sand,Gentle gradient,Broadleaf deciduous,Broadleaf,deciduous,No,-0.02,1.5
S19S_0042,5-Aug-19,Shark River Slough,1,Broadleaf evergreen tree,Multi-channel,Perennial,Relatively flat/gentle gradient (e.g. valleys),Silt/mud (<0.0625mm),25.40979,-80.96423,65,Shallow waters near the shore,No,Low,> 7.5,3.9,Natural flow (seasonal). Tidal. Evapotranspiration,No,Silt,Gentle gradient,Broadleaf evergreen,Broadleaf,evergreen,No,-0.13,8.075
S19S_0043,5-Aug-19,Dorn Creek,3,Shrub. Grass,Single-channel meandering,Perennial,Relatively flat/gentle gradient (e.g. valleys),Silt/mud (<0.0625mm),43.145025,-89.472023,30,Shallow waters near the shore,No,High,7.5,"NA",Natural flow (seasonal),No,Silt,Gentle gradient,Shrub,Shrub,Shrub,No,-0.12,6.92
S19S_0044,6-Aug-19,Huger Creek,3,Needleleaf deciduous tree. Broadleaf deciduous tree,Single-channel meandering,Perennial,Relatively flat/gentle gradient (e.g. valleys),Silt/mud (<0.0625mm),33.130966,-79.810626,22,Inside bend of a stream,Low,No,6,"NA",Natural flow (seasonal). Tidal. Evapotranspiration,No,Silt,Gentle gradient,Needleleaf deciduous,Needleleaf,deciduous,Low,NA,NA
S19S_0045,5-Aug-19,Erpe River sidechannel,"NA",Broadleaf deciduous tree. Grass,Single-channel straight,Perennial,Relatively flat/gentle gradient (e.g. valleys),Sand,52.476556,13.625541,4,Downstream from obstacles,No,Low,7.7 (with WTW sensor). strip: 7.5,"NA",discharge of wastewater treatment plant,Yes,Sand,Gentle gradient,Broadleaf deciduous,Broadleaf,deciduous,No,NA,NA
S19S_0046,27-Aug-19,Nigardsbreen River,"NA",Grass. Not vegetated,Multi-channel,Intermittent,Relatively flat/gentle gradient (e.g. valleys),Sand,61.6755,7.21221,10,Shallow waters near the shore,Low. No,No,6.5 (8.6 from pH-meter) - note the low solute concentration (EC = 2.4 uS/cm),"NA",Glacial melt,No,Sand,Gentle gradient,Grass,Grass,Grass,No,NA,NA
S19S_0047,13-Aug-19,Kuparuk River,"NA",Shrub,Single-channel meandering,Perennial,Relatively flat/gentle gradient (e.g. valleys),Gravel/cobble (>2mm),68.64274,-149.40339,76,Shallow waters near the shore,No,No,6.5,10.26,Natural flow (seasonal),No,Gravel,Gentle gradient,Shrub,Shrub,Shrub,No,NA,NA
S19S_0048,12-Aug-19,Rio Cupeyes,"NA",Broadleaf evergreen tree,Single-channel meandering,Perennial,Relatively flat/gentle gradient (e.g. valleys),Gravel/cobble (>2mm),18.11025,-66.98638,18,Downstream from obstacles,No,No,7.5,7.23,Natural flow (seasonal),No,Gravel,Gentle gradient,Broadleaf evergreen,Broadleaf,evergreen,No,NA,NA
S19S_0049,13-Aug-19,Rio Guilarte,"NA",Grass,Single-channel straight,Perennial,Relatively flat/gentle gradient (e.g. valleys),Gravel/cobble (>2mm),18.17424,-66.80038,11,Shallow waters near the shore,Low,Low,7.5,7.2,Natural flow (seasonal),Yes,Gravel,Gentle gradient,Grass,Grass,Grass,Low,NA,NA
S19S_0050,13-Aug-19,Oksrukuyik Creek,"NA",Shrub,Single-channel meandering,Intermittent,Relatively flat/gentle gradient (e.g. valleys),Gravel/cobble (>2mm),68.66967,-149.14041,5,Shallow waters near the shore,No,No,6.5,12.44,Glacial melt. Precipitation,No,Gravel,Gentle gradient,Shrub,Shrub,Shrub,No,-0.026666666666666665,1.7833333333333332
S19S_0051,14-Aug-19,Caribou Creek,"NA",Broadleaf deciduous tree. Shrub,Single-channel meandering,Perennial,Relatively flat/gentle gradient (e.g. valleys),Gravel/cobble (>2mm),65.15298,-147.50249,3,Inside bend of a stream,No,No,6.5,12.9,"NA","NA",Gravel,Gentle gradient,Broadleaf deciduous,Broadleaf,deciduous,No,-0.015,0.8049999999999999
S19S_0052,20-Aug-19,Platte Kill,2,Needleleaf evergreen tree. Broadleaf deciduous tree,Single-channel straight,Perennial,Relatively flat/gentle gradient (e.g.. valleys),Gravel/cobble (>2mm),42.13233,-74.69546,8.5,Shallow waters near the shore,No,No,6.5,"NA","NA","NA",Gravel,Gentle gradient,Needleleaf evergreen,Needleleaf,evergreen,No,-0.08499999999999999,4.9350000000000005
S19S_0053,25-Aug-19,Farmington,1,Broadleaf deciduous tree. Shrub,Single-channel meandering,Intermittent,Relatively flat/gentle gradient (e.g. valleys),Sand,41.869617,-72.796633,22,Downstream from obstacles,No,No,6.5,"NA","NA","NA",Sand,Gentle gradient,Broadleaf deciduous,Broadleaf,deciduous,No,-0.09,5.555
S19S_0054,5-Aug-19,Pamunkey River,5,Shrub,Single-channel meandering,Perennial,Relatively flat/gentle gradient (e.g. valleys),Silt/mud (<0.0625mm),37.57267,-77.0237,35,Shallow waters near the shore,High,No,6.7,5,Natural flow (seasonal),No,Silt,Gentle gradient,Shrub,Shrub,Shrub,High,NA,NA
S19S_0055,5-Aug-19,South Fork Polouse,4,Broadleaf deciduous tree. Grass,Single-channel meandering,Perennial,Relatively flat/gentle gradient (e.g. valleys),Gravel/cobble (>2mm),46.732323,-117.180621,38,Downstream from obstacles,Low,No,7.5,"NA",Natural flow (seasonal),Yes,Gravel,Gentle gradient,Broadleaf deciduous,Broadleaf,deciduous,Low,NA,NA
S19S_0056,11-Aug-19,Nakdong,"NA",Shrub. Grass,Single-channel straight,Perennial,Relatively flat/gentle gradient (e.g. valleys),Sand,35.1633,128.9646,20,Shallow waters near the shore,No,High,6.5,"NA",Natural flow (seasonal),No,Sand,Gentle gradient,Shrub,Shrub,Shrub,No,NA,NA
S19S_0057,29-Aug-19,Tims Branch,2,Broadleaf deciduous tree. Shrub,Multi-channel,Intermittent,Relatively flat/gentle gradient (e.g. valleys),Silt/mud (<0.0625mm),33.337694,-81.718237,2.1,Inside of a very slight curve in stream. but also very shallow near the shore,No,No,7.0 (6.74 with pH probe),8.365 mg/L (measured 2 days earlier),Natural flow (seasonal),No,Silt,Gentle gradient,Broadleaf deciduous,Broadleaf,deciduous,No,NA,NA
S19S_0058,18-Aug-19,Jordan River,"NA",Broadleaf evergreen tree. Shrub,Single-channel meandering,Perennial,Relatively flat/gentle gradient (e.g. valleys),Silt/mud (<0.0625mm),32.89930396,35.61364573,56,Inside bend of a stream,No,No,7.5,"NA",Natural flow (seasonal),No,Silt,Gentle gradient,Broadleaf evergreen,Broadleaf,evergreen,No,NA,NA
S19S_0059,12-Aug-19,Heel Creek tributary,1,Needleleaf evergreen tree. Shrub,Single-channel meandering,Perennial,Relatively steep gradient (e.g. mountainous or hilly terrain),Sand,48.16841972,-117.3913007,8.5,Pool lip,No,No,6.5,"NA",Natural flow (seasonal),No,Sand,Steep gradient,Needleleaf evergreen,Needleleaf,evergreen,No,-0.12,6.92
S19S_0060,19-Aug-19,Yakima River,7,Broadleaf deciduous tree. Grass,Single-channel straight,Perennial,Relatively flat/gentle gradient (e.g. valleys),Gravel/cobble (>2mm),46.253117,-119.4769597,49,Shallow waters near the shore,Low,High,8,13.31,Natural flow (seasonal). Dam (hydropower or other). Irrigation pumping,No,Gravel,Gentle gradient,Broadleaf deciduous,Broadleaf,deciduous,Low,-0.04666666666666666,2.7333333333333334
S19S_0061,12-Aug-19,Black Earth Creek,1,Shrub. Grass,Single-channel straight,Perennial,Relatively flat/gentle gradient (e.g. valleys),Silt/mud (<0.0625mm),43.1095,-89.6405,42,Shallow waters near the shore,No,Low,7.5,7.56,Natural flow (seasonal),No,Silt,Gentle gradient,Shrub,Shrub,Shrub,No,NA,NA
S19S_0062,13-Aug-19,Gunnison River,5,Broadleaf deciduous tree. Shrub,Single-channel straight,Perennial,Relatively steep gradient (e.g. mountainous or hilly terrain),Gravel/cobble (>2mm),38.544667,-106.950472,42,Inside bend of a stream,No,No,7.5,"NA",Natural flow (seasonal),No,Gravel,Steep gradient,Broadleaf deciduous,Broadleaf,deciduous,No,0,0.1
S19S_0063,12-Aug-19,Lower Colorado,6,Broadleaf evergreen tree. Broadleaf deciduous tree,Single-channel meandering,Perennial,Relatively flat/gentle gradient (e.g. valleys),Gravel/cobble (>2mm),30.250384,-97.70953,35,Inside bend of a stream,No,Low,7.5,"NA",Dam (hydropower or other),No,Gravel,Gentle gradient,Broadleaf evergreen,Broadleaf,evergreen,No,-0.01,0.5166666666666667
S19S_0064,12-Aug-19,Shavers Creek,4,Broadleaf deciduous tree. Grass,Single-channel straight,Perennial,Relatively flat/gentle gradient (e.g. valleys),Gravel/cobble (>2mm),40.64061,-78.00808,11,Inside bend of a stream,Low,Low,7.7,"NA",Natural flow (seasonal),Yes,Gravel,Gentle gradient,Broadleaf deciduous,Broadleaf,deciduous,Low,-0.13,7.67
S19S_0065,2-Sep-19,Russian River,5,Needleleaf evergreen tree. Broadleaf evergreen tree,Single-channel meandering,Perennial,Relatively flat/gentle gradient (e.g. valleys),Gravel/cobble (>2mm),38.50916,-122.883392,40.64,Shallow waters near the shore,Low,High,5,"NA",Natural flow (seasonal). Dam (hydropower or other),Yes,Gravel,Gentle gradient,Needleleaf evergreen,Needleleaf,evergreen,Low,NA,NA
S19S_0066,18-Aug-19,Rio Grande,7,Shrub. Grass,Multi-channel,Perennial,Relatively flat/gentle gradient (e.g. valleys),Sand,35.198511,-106.643131,10,Shallow waters near the shore,No,No,6.5,"NA",Natural flow (seasonal). Dam (hydropower or other). Evapotranspiration,Yes,Sand,Gentle gradient,Shrub,Shrub,Shrub,No,-0.01,0.83
S19S_0067,12-Aug-19,Augusta Creek,3,Shrub. Grass,Single-channel meandering,Perennial,Relatively flat/gentle gradient (e.g. valleys),Gravel/cobble (>2mm),42.39201,-85.354,5 to 25,Inside bend of a stream,No,Low,7.5,9.17,Natural flow (seasonal),No,Gravel,Gentle gradient,Shrub,Shrub,Shrub,No,NA,NA
S19S_0068,12-Aug-19,Watershed 01 stream,3,Needleleaf evergreen tree. Broadleaf deciduous tree,Multi-channel,Intermittent,Relatively steep gradient (e.g. mountainous or hilly terrain),Gravel/cobble (>2mm),44.207273,-122.257913,3,Downstream from obstacles,No,No,6,"NA",Natural flow (seasonal). Evapotranspiration,No,Gravel,Steep gradient,Needleleaf evergreen,Needleleaf,evergreen,No,-0.01,0.85
S19S_0069,12-Aug-19,North Fork Caspar Creek,1,Needleleaf evergreen tree. Broadleaf deciduous tree,Single-channel straight,Perennial,Relatively steep gradient (e.g. mountainous or hilly terrain),Gravel/cobble (>2mm),39.362129,-123.734753,4,Shallow waters near the shore,No,No,6.5,"NA",Natural flow (seasonal),Yes,Gravel,Steep gradient,Needleleaf evergreen,Needleleaf,evergreen,No,-0.006666666666666667,0.35
S19S_0070,12-Aug-19,South Fork Caspar Creek,1,Needleleaf evergreen tree. Broadleaf evergreen tree,Single-channel straight,Perennial,Relatively steep gradient (e.g. mountainous or hilly terrain),Gravel/cobble (>2mm),39.339892,-123.752441,6,Riffle,No,No,6.5,"NA",Natural flow (seasonal),Yes,Gravel,Steep gradient,Needleleaf evergreen,Needleleaf,evergreen,No,-0.013333333333333334,0.68
S19S_0071,12-Aug-19,Gordon Creek,1,Needleleaf deciduous tree. Grass,Single-channel meandering,Intermittent,Relatively steep gradient (e.g. mountainous or hilly terrain),Gravel/cobble (>2mm),40.0128376,-105.4589026,10,Downstream from obstacles,Low,High,7,"NA",Natural flow (seasonal). Evapotranspiration,No,Gravel,Steep gradient,Needleleaf deciduous,Needleleaf,deciduous,Low,-0.16499999999999998,9.84
S19S_0072,12-Aug-19,Sawmill Brook,1,Needleleaf evergreen tree. Broadleaf deciduous tree,Single-channel meandering,Perennial,Relatively flat/gentle gradient (e.g. valleys),Sand,42.5235479,-71.18851406,21,Inside bend of a stream,No,No,6,8.19,Natural flow (seasonal),"NA",Sand,Gentle gradient,Needleleaf evergreen,Needleleaf,evergreen,No,-0.05,2.9
S19S_0073,12-Aug-19,Cart Creek,1,Broadleaf deciduous tree. Shrub,Single-channel meandering,Perennial,Relatively flat/gentle gradient (e.g. valleys),Silt/mud (<0.0625mm),42.7694593,-70.9167967,32,Pool lip,No,No,6.5,6.41,Natural flow (seasonal),"NA",Silt,Gentle gradient,Broadleaf deciduous,Broadleaf,deciduous,No,-0.42,25.45
S19S_0074,5-Aug-19,Columbia,8,Shrub,Single-channel straight,Perennial,Relatively flat/gentle gradient (e.g. valleys),Sand,46.376303,-119.272953,23,Shallow waters near the shore,No,No,6.5,"NA",Dam (hydropower or other),No,Sand,Gentle gradient,Shrub,Shrub,Shrub,No,-0.026666666666666665,1.4533333333333334
S19S_0075,6-Aug-19,Columbia,8,Shrub. Grass,Single-channel straight,Perennial,Relatively flat/gentle gradient (e.g. valleys),Gravel/cobble (>2mm),46.694842,-119.465591,37,Shallow waters near the shore,No,Low,6.5,"NA",Dam (hydropower or other),No,Gravel,Gentle gradient,Shrub,Shrub,Shrub,No,-0.01,0.6633333333333333
S19S_0076,6-Aug-19,Columbia,8,Grass,Multi-channel,Intermittent,Relatively flat/gentle gradient (e.g. valleys),Silt/mud (<0.0625mm),46.679318,-119.46257,26,Shallow waters near the shore,No,Low,6.5,"NA",Dam (hydropower or other),No,Silt,Gentle gradient,Grass,Grass,Grass,No,-0.07500000000000001,4.475
S19S_0077,18-Aug-19,Cache La Poudre,6,Shrub. Grass,Single-channel straight,Perennial,Relatively flat/gentle gradient (e.g. valleys),Gravel/cobble (>2mm),40.664282,-105.223622,23,Riffle,No,No,6.5,"NA",Natural flow (seasonal),No,Gravel,Gentle gradient,Shrub,Shrub,Shrub,No,-0.026666666666666665,1.5033333333333334
S19S_0078,6-Sep-19,Little Wolf Creek,2,Needleleaf evergreen tree. Broadleaf deciduous tree,Single-channel straight,Perennial,Relatively steep gradient (e.g. mountainous or hilly terrain),Sand,43.43138889,-123.5855556,30,Shallow waters near the shore,No,No,7,"NA",Natural flow (seasonal),No,Sand,Steep gradient,Needleleaf evergreen,Needleleaf,evergreen,No,NA,NA
S19S_0079,6-Sep-19,Umpqua,6,Needleleaf evergreen tree. Broadleaf deciduous tree,Multi-channel,Perennial,Relatively flat/gentle gradient (e.g. valleys),Sand,43.6368,-123.572,46,Downstream from obstacles,High,Low,7.5-8,"NA",Natural flow (seasonal),Yes,Sand,Gentle gradient,Needleleaf evergreen,Needleleaf,evergreen,High,NA,NA
S19S_0080,20-Aug-19,Rio Grande,7,Broadleaf deciduous tree. Shrub,Multi-channel,"NA",Relatively flat/gentle gradient (e.g. valleys),Silt/mud (<0.0625mm),34.950833,-106.681271,5,Pool lip,Low,No,8.11,6.66,"NA","NA",Silt,Gentle gradient,Broadleaf deciduous,Broadleaf,deciduous,Low,-0.065,3.7199999999999998
S19S_0081,19-Aug-19,Northeast Branch of Anacostia,4,Broadleaf deciduous tree,Single-channel straight,Perennial,Relatively steep gradient (e.g. mountainous or hilly terrain),Gravel/cobble (>2mm),38.96027778,-76.92611111,14.5,Pool lip,No,No,6.5,"NA","NA","NA",Gravel,Steep gradient,Broadleaf deciduous,Broadleaf,deciduous,No,-0.11,6.42
S19S_0082,19-Aug-19,Muddy Creek,3,Grass,Single-channel meandering,Perennial,Relatively flat/gentle gradient (e.g. valleys),Silt/mud (<0.0625mm),38.8748139,-76.5464751,40,Marsh,No,High,7,"NA","NA","NA",Silt,Gentle gradient,Grass,Grass,Grass,No,NA,NA
S19S_0083,19-Aug-19,Sangamon,5,Broadleaf deciduous tree,Single-channel meandering,Perennial,Relatively flat/gentle gradient (e.g. valleys),Sand,40.31083,-88.3227,6,Shallow waters near the shore,No,Low,7.5,"NA",Natural flow (seasonal). Evapotranspiration,Yes,Sand,Gentle gradient,Broadleaf deciduous,Broadleaf,deciduous,No,-0.1,6.02
S19S_0084,19-Aug-19,Watershed 3 stream,1,Broadleaf deciduous tree,Single-channel straight,Perennial,Relatively steep gradient (e.g. mountainous or hilly terrain),Gravel/cobble (>2mm),43.954722,-71.722778,16,Pool lip,No,No,6,"NA",Natural flow (seasonal),No,Gravel,Steep gradient,Broadleaf deciduous,Broadleaf,deciduous,No,-0.016666666666666666,1.05
S19S_0085,19-Aug-19,Mores Creek,5,Broadleaf deciduous tree. Shrub,Single-channel meandering,Perennial,Relatively flat/gentle gradient (e.g. valleys),Gravel/cobble (>2mm),43.64815,-115.98908,8.25,Shallow waters near the shore,No,Low,7,"NA",Natural flow (seasonal). Dam (hydropower or other). Irrigation pumping,Yes,Gravel,Gentle gradient,Broadleaf deciduous,Broadleaf,deciduous,No,-0.03666666666666667,2.16
S19S_0086,19-Aug-19,Red Butte Creek,3,Broadleaf deciduous tree. Shrub,Single-channel meandering,Perennial,Relatively steep gradient (e.g. mountainous or hilly terrain),Gravel/cobble (>2mm),40.7799,-111.8054,7,Shallow waters near the shore,Low,No,8,"NA",Natural flow (seasonal). Evapotranspiration,No,Gravel,Steep gradient,Broadleaf deciduous,Broadleaf,deciduous,Low,-0.05,2.78
S19S_0087,21-Aug-19,Dobson Creek,2,Broadleaf deciduous tree. Grass,Single-channel meandering,Intermittent,Relatively steep gradient (e.g. mountainous or hilly terrain),Gravel/cobble (>2mm),43.1233625,-116.7744702,2,Upstream of weir barrier deposition,No,No,7.25,"NA",Natural flow (seasonal),No,Gravel,Steep gradient,Broadleaf deciduous,Broadleaf,deciduous,No,-0.18,10.94
S19S_0089,26-Aug-19,Stroubles Creek,1,Shrub. Grass,Single-channel straight,Perennial,Relatively flat/gentle gradient (e.g. valleys),Gravel/cobble (>2mm),37.21012,-80.44529,10,Shallow waters near the shore,Low,No,7,9.95,a few retention ponds upstream - it's a flashy urban system,Yes,Gravel,Gentle gradient,Shrub,Shrub,Shrub,Low,-0.28,16.51
S19S_0090,17-Aug-19,Cobb Mill Creek,1,Broadleaf deciduous tree,Single-channel straight,"NA",Relatively flat/gentle gradient (e.g. valleys),Sand,37.291374,-75.930615,3,Shallow waters near the shore,No,No,6.5,5.8,"NA","NA",Sand,Gentle gradient,Broadleaf deciduous,Broadleaf,deciduous,No,-0.025,1.345
S19S_0091,25-Aug-19,Copper River,"NA",Broadleaf deciduous tree. Shrub,Multi-channel,Perennial,Relatively flat/gentle gradient (e.g. valleys),Sand,60.520879,-144.837479,30,Downstream from obstacles,No,No,6.5,"NA",Glacial melt,No,Sand,Gentle gradient,Broadleaf deciduous,Broadleaf,deciduous,No,NA,NA
S19S_0092,3-Sep-19,Blythe,"NA",Broadleaf deciduous tree. Shrub,Single-channel straight,Perennial,Relatively flat/gentle gradient (e.g. valleys),Silt/mud (<0.0625mm),52.419705,-1.704293,37,Downstream from obstacles,No,No,7,0.7,Flow variation primarily due to sewage treatment plant,Yes,Silt,Gentle gradient,Broadleaf deciduous,Broadleaf,deciduous,No,NA,NA
S19S_0093,19-Aug-19,Wood Brook,"NA",Broadleaf deciduous tree,Single-channel straight,Perennial,Relatively flat/gentle gradient (e.g. valleys),Sand,52.800611,-2.304861,5,Shallow waters near the shore,No,No,7.5,8.2,Natural flow (seasonal). There are a few small irrigation reservoirs in the catchment which occassional significantly change the natural flow,Yes,Sand,Gentle gradient,Broadleaf deciduous,Broadleaf,deciduous,No,NA,NA
S19S_0094,19-Aug-19,Icacos,"NA",Broadleaf evergreen tree,Single-channel straight,Perennial,Relatively flat/gentle gradient (e.g. valleys),Sand,18.2756318,-65.7852594,19,Inside bend of a stream,No,No,6.5,7.84,Evapotranspiration,No,Sand,Gentle gradient,Broadleaf evergreen,Broadleaf,evergreen,No,NA,NA
S19S_0096,3-Sep-19,Orco,"NA",Broadleaf deciduous tree. Grass,Single-channel meandering,Perennial,Relatively flat/gentle gradient (e.g. valleys),Gravel/cobble (>2mm),45.2475946,7.8046509,18,Meander point bar,Low,No,6.5,"NA",Natural flow (seasonal). Irrigation pumping,Yes,Gravel,Gentle gradient,Broadleaf deciduous,Broadleaf,deciduous,Low,NA,NA
S19S_0097,18-Aug-19,Logan,5,Broadleaf deciduous tree. Shrub,Single-channel straight,Perennial,Relatively flat/gentle gradient (e.g. valleys),Silt/mud (<0.0625mm),41.720805,-111.886477,25,Shallow waters near the shore,Low,High,8.49,"NA",Natural flow (seasonal). Snow Melt,Yes,Silt,Gentle gradient,Broadleaf deciduous,Broadleaf,deciduous,Low,-0.15,8.77
S19S_0098,18-Aug-19,Logan,3,Needleleaf evergreen tree. Shrub,Single-channel straight,Perennial,Relatively steep gradient (e.g. mountainous or hilly terrain),Gravel/cobble (>2mm),41.950345,-111.580451,3.5,Shallow waters near the shore,Low,No,8.31,"NA",Natural flow (seasonal). Snow melt,No,Gravel,Steep gradient,Needleleaf evergreen,Needleleaf,evergreen,Low,-0.11,6.43
S19S_0099,19-Aug-19,Great Miami,7,Broadleaf deciduous tree. Grass,Single-channel meandering,Intermittent,Relatively flat/gentle gradient (e.g. valleys),Gravel/cobble (>2mm),39.2386399,-84.7121004,19.2,Shallow waters near the shore,No,No,7.5,"NA",Natural flow (seasonal). Evapotranspiration,Yes,Gravel,Gentle gradient,Broadleaf deciduous,Broadleaf,deciduous,No,-0.03333333333333333,1.96
S19S_0100,20-Aug-19,East River,2,Shrub. Grass,Single-channel meandering,Perennial,Relatively flat/gentle gradient (e.g. valleys),Gravel/cobble (>2mm),38.922712,-106.950743,34,Inside bend of a stream,No,No,7.24,7.6,Natural flow (seasonal),No,Gravel,Gentle gradient,Shrub,Shrub,Shrub,No,-0.03,2.05
